city,time,pm2_5,pm10,ozone
bengaluru,2025-12-11 00:00:00+00:00,33.78,34.98,97.4
bengaluru,2025-12-11 01:00:00+00:00,33.98,35.0,92.8
bengaluru,2025-12-11 02:00:00+00:00,35.66,36.52,87.2
bengaluru,2025-12-11 03:00:00+00:00,33.32,34.08,90.2
bengaluru,2025-12-11 04:00:00+00:00,28.04,28.94,111.0
bengaluru,2025-12-11 05:00:00+00:00,23.9,24.8,141.2
bengaluru,2025-12-11 06:00:00+00:00,21.58,22.38,162.4
bengaluru,2025-12-11 07:00:00+00:00,20.68,21.32,169.0
bengaluru,2025-12-11 08:00:00+00:00,19.84,20.5,166.6
bengaluru,2025-12-11 09:00:00+00:00,19.24,19.9,160.4
bengaluru,2025-12-11 10:00:00+00:00,19.04,19.78,149.8
bengaluru,2025-12-11 11:00:00+00:00,19.34,20.04,134.6
bengaluru,2025-12-11 12:00:00+00:00,22.86,23.4,118.4
bengaluru,2025-12-11 13:00:00+00:00,28.6,29.08,101.8
bengaluru,2025-12-11 14:00:00+00:00,32.34,32.88,84.4
bengaluru,2025-12-11 15:00:00+00:00,34.6,35.16,72.6
bengaluru,2025-12-11 16:00:00+00:00,36.48,37.0,68.8
bengaluru,2025-12-11 17:00:00+00:00,38.42,39.14,69.0
bengaluru,2025-12-11 18:00:00+00:00,39.62,40.42,71.0
bengaluru,2025-12-11 19:00:00+00:00,39.52,40.42,72.8
bengaluru,2025-12-11 20:00:00+00:00,39.56,40.62,74.6
bengaluru,2025-12-11 21:00:00+00:00,39.84,40.94,78.0
bengaluru,2025-12-11 22:00:00+00:00,39.8,41.08,82.6
bengaluru,2025-12-11 23:00:00+00:00,40.56,41.96,86.8
bengaluru,2025-12-12 00:00:00+00:00,40.62,42.16,89.6
bengaluru,2025-12-12 01:00:00+00:00,43.72,45.3,85.2
bengaluru,2025-12-12 02:00:00+00:00,50.58,52.24,78.4
bengaluru,2025-12-12 03:00:00+00:00,44.4,45.66,81.0
bengaluru,2025-12-12 04:00:00+00:00,29.56,31.0,101.8
bengaluru,2025-12-12 05:00:00+00:00,24.76,26.2,132.2
bengaluru,2025-12-12 06:00:00+00:00,22.54,24.26,154.6
bengaluru,2025-12-12 07:00:00+00:00,21.48,23.48,164.0
bengaluru,2025-12-12 08:00:00+00:00,20.66,22.72,166.4
bengaluru,2025-12-12 09:00:00+00:00,20.18,22.32,163.8
bengaluru,2025-12-12 10:00:00+00:00,20.24,22.36,153.8
bengaluru,2025-12-12 11:00:00+00:00,20.86,22.86,139.0
bengaluru,2025-12-12 12:00:00+00:00,25.68,27.34,122.4
bengaluru,2025-12-12 13:00:00+00:00,32.74,34.48,104.2
bengaluru,2025-12-12 14:00:00+00:00,37.16,38.94,85.4
bengaluru,2025-12-12 15:00:00+00:00,39.94,41.64,72.2
bengaluru,2025-12-12 16:00:00+00:00,41.86,43.76,68.8
bengaluru,2025-12-12 17:00:00+00:00,44.3,46.36,70.8
bengaluru,2025-12-12 18:00:00+00:00,45.76,47.9,74.4
bengaluru,2025-12-12 19:00:00+00:00,45.5,47.86,78.2
bengaluru,2025-12-12 20:00:00+00:00,45.56,47.96,82.8
bengaluru,2025-12-12 21:00:00+00:00,45.94,48.46,86.8
bengaluru,2025-12-12 22:00:00+00:00,46.5,49.28,90.2
bengaluru,2025-12-12 23:00:00+00:00,47.36,50.24,92.2
bengaluru,2025-12-13 00:00:00+00:00,48.58,51.66,92.2
bengaluru,2025-12-13 01:00:00+00:00,52.66,55.82,86.4
bengaluru,2025-12-13 02:00:00+00:00,59.98,63.16,79.2
bengaluru,2025-12-13 03:00:00+00:00,56.24,58.5,80.6
bengaluru,2025-12-13 04:00:00+00:00,32.16,34.98,101.0
bengaluru,2025-12-13 05:00:00+00:00,24.0,26.74,129.6
bengaluru,2025-12-13 06:00:00+00:00,21.56,23.84,152.4
bengaluru,2025-12-13 07:00:00+00:00,21.32,23.32,162.6
bengaluru,2025-12-13 08:00:00+00:00,21.26,23.24,166.2
bengaluru,2025-12-13 09:00:00+00:00,21.22,23.1,164.0
bengaluru,2025-12-13 10:00:00+00:00,21.04,22.98,153.8
bengaluru,2025-12-13 11:00:00+00:00,21.44,23.32,136.6
bengaluru,2025-12-13 12:00:00+00:00,26.66,28.24,119.4
bengaluru,2025-12-13 13:00:00+00:00,33.64,35.3,100.2
bengaluru,2025-12-13 14:00:00+00:00,37.36,38.9,81.2
bengaluru,2025-12-13 15:00:00+00:00,38.52,40.22,68.0
bengaluru,2025-12-13 16:00:00+00:00,39.3,41.02,66.6
bengaluru,2025-12-13 17:00:00+00:00,40.3,42.02,71.6
bengaluru,2025-12-13 18:00:00+00:00,40.22,42.02,78.2
bengaluru,2025-12-13 19:00:00+00:00,39.62,41.5,84.8
bengaluru,2025-12-13 20:00:00+00:00,39.8,41.64,93.0
bengaluru,2025-12-13 21:00:00+00:00,40.66,42.5,99.0
bengaluru,2025-12-13 22:00:00+00:00,41.6,43.52,103.4
bengaluru,2025-12-13 23:00:00+00:00,42.76,44.56,106.4
bengaluru,2025-12-14 00:00:00+00:00,44.46,46.38,106.6
bengaluru,2025-12-14 01:00:00+00:00,49.14,51.02,102.2
bengaluru,2025-12-14 02:00:00+00:00,58.0,59.74,95.0
bengaluru,2025-12-14 03:00:00+00:00,51.24,52.58,95.8
bengaluru,2025-12-14 04:00:00+00:00,34.14,35.74,112.4
bengaluru,2025-12-14 05:00:00+00:00,29.98,31.5,136.2
bengaluru,2025-12-14 06:00:00+00:00,26.16,27.66,154.0
bengaluru,2025-12-14 07:00:00+00:00,24.62,26.18,161.2
bengaluru,2025-12-14 08:00:00+00:00,24.06,25.82,163.2
bengaluru,2025-12-14 09:00:00+00:00,23.9,25.68,159.2
bengaluru,2025-12-14 10:00:00+00:00,23.72,25.6,149.6
bengaluru,2025-12-14 11:00:00+00:00,24.18,26.02,133.8
bengaluru,2025-12-14 12:00:00+00:00,29.62,31.06,117.4
bengaluru,2025-12-14 13:00:00+00:00,36.98,38.48,98.8
bengaluru,2025-12-14 14:00:00+00:00,41.32,42.72,78.6
bengaluru,2025-12-14 15:00:00+00:00,43.94,45.3,65.6
bengaluru,2025-12-14 16:00:00+00:00,46.1,47.44,63.4
bengaluru,2025-12-14 17:00:00+00:00,47.4,48.74,68.6
bengaluru,2025-12-14 18:00:00+00:00,47.7,49.1,74.0
bengaluru,2025-12-14 19:00:00+00:00,47.24,48.74,79.2
bengaluru,2025-12-14 20:00:00+00:00,47.52,49.02,85.6
bengaluru,2025-12-14 21:00:00+00:00,48.14,49.72,91.0
bengaluru,2025-12-14 22:00:00+00:00,48.96,50.66,95.0
bengaluru,2025-12-14 23:00:00+00:00,50.14,51.88,98.0
bengaluru,2025-12-15 00:00:00+00:00,52.46,54.14,99.6
bengaluru,2025-12-15 01:00:00+00:00,57.26,58.98,97.8
bengaluru,2025-12-15 02:00:00+00:00,65.8,67.74,95.6
bengaluru,2025-12-15 03:00:00+00:00,56.46,57.72,100.4
bengaluru,2025-12-15 04:00:00+00:00,42.48,44.02,119.2
bengaluru,2025-12-15 05:00:00+00:00,37.36,38.98,144.2
bengaluru,2025-12-15 06:00:00+00:00,33.6,35.3,162.6
bengaluru,2025-12-15 07:00:00+00:00,31.46,33.24,168.0
bengaluru,2025-12-15 08:00:00+00:00,30.58,32.36,165.8
bengaluru,2025-12-15 09:00:00+00:00,30.14,32.1,160.8
bengaluru,2025-12-15 10:00:00+00:00,30.48,32.36,150.2
bengaluru,2025-12-15 11:00:00+00:00,31.48,33.32,136.6
bengaluru,2025-12-15 12:00:00+00:00,35.46,36.94,126.2
delhi,2025-12-11 00:00:00+00:00,44.64,45.56,82.6
delhi,2025-12-11 01:00:00+00:00,45.22,45.98,76.2
delhi,2025-12-11 02:00:00+00:00,49.02,49.62,68.8
delhi,2025-12-11 03:00:00+00:00,47.76,48.18,72.8
delhi,2025-12-11 04:00:00+00:00,42.14,42.46,99.8
delhi,2025-12-11 05:00:00+00:00,36.96,37.42,139.0
delhi,2025-12-11 06:00:00+00:00,31.5,31.96,167.0
delhi,2025-12-11 07:00:00+00:00,27.28,27.66,176.6
delhi,2025-12-11 08:00:00+00:00,24.9,25.24,175.0
delhi,2025-12-11 09:00:00+00:00,23.1,23.44,168.0
delhi,2025-12-11 10:00:00+00:00,22.08,22.5,154.2
delhi,2025-12-11 11:00:00+00:00,22.7,23.08,134.0
delhi,2025-12-11 12:00:00+00:00,28.4,28.68,114.0
delhi,2025-12-11 13:00:00+00:00,36.24,36.52,95.6
delhi,2025-12-11 14:00:00+00:00,41.52,41.94,77.0
delhi,2025-12-11 15:00:00+00:00,45.8,46.22,64.4
delhi,2025-12-11 16:00:00+00:00,50.22,50.62,59.8
delhi,2025-12-11 17:00:00+00:00,54.64,55.22,59.4
delhi,2025-12-11 18:00:00+00:00,56.94,57.6,60.8
delhi,2025-12-11 19:00:00+00:00,56.54,57.28,62.4
delhi,2025-12-11 20:00:00+00:00,56.04,56.94,64.0
delhi,2025-12-11 21:00:00+00:00,56.28,57.16,66.4
delhi,2025-12-11 22:00:00+00:00,56.12,57.28,68.4
delhi,2025-12-11 23:00:00+00:00,56.16,57.38,69.2
delhi,2025-12-12 00:00:00+00:00,56.88,58.18,69.8
delhi,2025-12-12 01:00:00+00:00,61.28,62.64,64.2
delhi,2025-12-12 02:00:00+00:00,70.9,72.36,57.6
delhi,2025-12-12 03:00:00+00:00,66.1,67.16,63.2
delhi,2025-12-12 04:00:00+00:00,48.76,49.9,92.6
delhi,2025-12-12 05:00:00+00:00,40.46,41.7,134.6
delhi,2025-12-12 06:00:00+00:00,34.5,35.92,166.2
delhi,2025-12-12 07:00:00+00:00,30.54,32.2,180.4
delhi,2025-12-12 08:00:00+00:00,28.86,30.6,185.2
delhi,2025-12-12 09:00:00+00:00,28.2,30.08,182.6
delhi,2025-12-12 10:00:00+00:00,28.3,30.16,170.2
delhi,2025-12-12 11:00:00+00:00,30.58,32.36,150.6
delhi,2025-12-12 12:00:00+00:00,41.24,42.78,129.4
delhi,2025-12-12 13:00:00+00:00,54.0,55.62,107.4
delhi,2025-12-12 14:00:00+00:00,64.26,65.98,84.6
delhi,2025-12-12 15:00:00+00:00,73.3,74.84,67.8
delhi,2025-12-12 16:00:00+00:00,80.8,82.66,61.2
delhi,2025-12-12 17:00:00+00:00,88.02,90.04,60.6
delhi,2025-12-12 18:00:00+00:00,92.12,94.22,62.0
delhi,2025-12-12 19:00:00+00:00,90.82,93.16,64.4
delhi,2025-12-12 20:00:00+00:00,89.0,91.44,67.8
delhi,2025-12-12 21:00:00+00:00,87.26,89.76,71.4
delhi,2025-12-12 22:00:00+00:00,86.24,88.88,74.6
delhi,2025-12-12 23:00:00+00:00,85.76,88.58,76.8
delhi,2025-12-13 00:00:00+00:00,85.58,88.56,78.0
delhi,2025-12-13 01:00:00+00:00,88.88,91.86,73.8
delhi,2025-12-13 02:00:00+00:00,98.9,102.06,69.2
delhi,2025-12-13 03:00:00+00:00,99.58,101.66,75.6
delhi,2025-12-13 04:00:00+00:00,68.22,70.56,106.4
delhi,2025-12-13 05:00:00+00:00,54.64,56.74,148.0
delhi,2025-12-13 06:00:00+00:00,45.34,47.04,180.4
delhi,2025-12-13 07:00:00+00:00,39.64,41.18,194.2
delhi,2025-12-13 08:00:00+00:00,36.92,38.6,197.8
delhi,2025-12-13 09:00:00+00:00,36.12,37.76,194.4
delhi,2025-12-13 10:00:00+00:00,35.82,37.5,181.8
delhi,2025-12-13 11:00:00+00:00,40.72,42.32,160.4
delhi,2025-12-13 12:00:00+00:00,52.04,53.44,138.8
delhi,2025-12-13 13:00:00+00:00,65.84,67.24,114.2
delhi,2025-12-13 14:00:00+00:00,75.84,77.0,89.4
delhi,2025-12-13 15:00:00+00:00,79.7,81.02,71.4
delhi,2025-12-13 16:00:00+00:00,79.24,80.46,67.2
delhi,2025-12-13 17:00:00+00:00,77.58,78.88,70.8
delhi,2025-12-13 18:00:00+00:00,75.04,76.44,75.8
delhi,2025-12-13 19:00:00+00:00,72.52,73.98,80.6
delhi,2025-12-13 20:00:00+00:00,71.58,73.06,86.8
delhi,2025-12-13 21:00:00+00:00,71.96,73.34,91.2
delhi,2025-12-13 22:00:00+00:00,72.34,73.88,94.6
delhi,2025-12-13 23:00:00+00:00,73.06,74.44,97.2
delhi,2025-12-14 00:00:00+00:00,74.46,75.82,97.6
delhi,2025-12-14 01:00:00+00:00,79.48,80.76,92.4
delhi,2025-12-14 02:00:00+00:00,91.52,92.74,85.0
delhi,2025-12-14 03:00:00+00:00,90.4,91.46,89.2
delhi,2025-12-14 04:00:00+00:00,67.52,68.66,116.2
delhi,2025-12-14 05:00:00+00:00,58.72,59.94,154.2
delhi,2025-12-14 06:00:00+00:00,50.36,51.56,182.6
delhi,2025-12-14 07:00:00+00:00,44.88,46.24,194.0
delhi,2025-12-14 08:00:00+00:00,41.42,42.98,197.0
delhi,2025-12-14 09:00:00+00:00,39.62,41.12,191.8
delhi,2025-12-14 10:00:00+00:00,38.44,40.16,178.6
delhi,2025-12-14 11:00:00+00:00,40.6,42.26,157.4
delhi,2025-12-14 12:00:00+00:00,51.04,52.44,135.4
delhi,2025-12-14 13:00:00+00:00,62.7,64.1,111.2
delhi,2025-12-14 14:00:00+00:00,72.18,73.5,85.4
delhi,2025-12-14 15:00:00+00:00,79.6,80.9,67.4
delhi,2025-12-14 16:00:00+00:00,85.96,87.26,60.8
delhi,2025-12-14 17:00:00+00:00,90.4,91.7,62.2
delhi,2025-12-14 18:00:00+00:00,91.84,93.4,64.8
delhi,2025-12-14 19:00:00+00:00,90.58,92.06,68.4
delhi,2025-12-14 20:00:00+00:00,88.86,90.5,74.0
delhi,2025-12-14 21:00:00+00:00,86.9,88.44,79.2
delhi,2025-12-14 22:00:00+00:00,84.38,86.0,83.6
delhi,2025-12-14 23:00:00+00:00,81.38,83.0,87.4
delhi,2025-12-15 00:00:00+00:00,79.84,81.38,89.6
delhi,2025-12-15 01:00:00+00:00,83.02,84.56,87.0
delhi,2025-12-15 02:00:00+00:00,92.84,94.64,83.8
delhi,2025-12-15 03:00:00+00:00,83.0,84.06,90.0
delhi,2025-12-15 04:00:00+00:00,64.94,66.26,115.4
delhi,2025-12-15 05:00:00+00:00,55.78,57.08,149.6
delhi,2025-12-15 06:00:00+00:00,45.84,47.36,174.4
delhi,2025-12-15 07:00:00+00:00,38.88,40.5,181.2
delhi,2025-12-15 08:00:00+00:00,35.8,37.42,177.8
delhi,2025-12-15 09:00:00+00:00,34.64,36.42,170.6
delhi,2025-12-15 10:00:00+00:00,34.66,36.34,157.2
delhi,2025-12-15 11:00:00+00:00,35.72,37.36,140.0
delhi,2025-12-15 12:00:00+00:00,41.06,42.42,127.0
hyderabad,2025-12-11 00:00:00+00:00,29.5,30.4,92.0
hyderabad,2025-12-11 01:00:00+00:00,29.0,29.7,86.0
hyderabad,2025-12-11 02:00:00+00:00,30.2,30.7,79.0
hyderabad,2025-12-11 03:00:00+00:00,27.1,27.4,82.0
hyderabad,2025-12-11 04:00:00+00:00,21.7,22.0,105.0
hyderabad,2025-12-11 05:00:00+00:00,18.5,18.9,139.0
hyderabad,2025-12-11 06:00:00+00:00,16.8,17.2,163.0
hyderabad,2025-12-11 07:00:00+00:00,16.3,16.6,171.0
hyderabad,2025-12-11 08:00:00+00:00,15.7,16.0,169.0
hyderabad,2025-12-11 09:00:00+00:00,15.0,15.3,163.0
hyderabad,2025-12-11 10:00:00+00:00,14.6,15.0,152.0
hyderabad,2025-12-11 11:00:00+00:00,14.6,15.0,136.0
hyderabad,2025-12-11 12:00:00+00:00,18.1,18.4,119.0
hyderabad,2025-12-11 13:00:00+00:00,24.0,24.3,102.0
hyderabad,2025-12-11 14:00:00+00:00,27.8,28.2,84.0
hyderabad,2025-12-11 15:00:00+00:00,30.3,30.7,72.0
hyderabad,2025-12-11 16:00:00+00:00,32.5,32.9,68.0
hyderabad,2025-12-11 17:00:00+00:00,34.9,35.5,68.0
hyderabad,2025-12-11 18:00:00+00:00,36.6,37.3,70.0
hyderabad,2025-12-11 19:00:00+00:00,36.8,37.6,72.0
hyderabad,2025-12-11 20:00:00+00:00,37.0,38.0,74.0
hyderabad,2025-12-11 21:00:00+00:00,37.4,38.4,77.0
hyderabad,2025-12-11 22:00:00+00:00,37.1,38.3,80.0
hyderabad,2025-12-11 23:00:00+00:00,36.9,38.2,82.0
hyderabad,2025-12-12 00:00:00+00:00,37.0,38.5,83.0
hyderabad,2025-12-12 01:00:00+00:00,40.5,42.1,77.0
hyderabad,2025-12-12 02:00:00+00:00,48.8,50.4,69.0
hyderabad,2025-12-12 03:00:00+00:00,42.0,43.1,72.0
hyderabad,2025-12-12 04:00:00+00:00,24.4,25.7,96.0
hyderabad,2025-12-12 05:00:00+00:00,19.5,20.8,131.0
hyderabad,2025-12-12 06:00:00+00:00,18.2,19.8,157.0
hyderabad,2025-12-12 07:00:00+00:00,18.1,20.0,168.0
hyderabad,2025-12-12 08:00:00+00:00,18.1,20.1,171.0
hyderabad,2025-12-12 09:00:00+00:00,18.2,20.3,169.0
hyderabad,2025-12-12 10:00:00+00:00,18.6,20.7,160.0
hyderabad,2025-12-12 11:00:00+00:00,19.3,21.3,146.0
hyderabad,2025-12-12 12:00:00+00:00,23.9,25.6,130.0
hyderabad,2025-12-12 13:00:00+00:00,30.6,32.4,112.0
hyderabad,2025-12-12 14:00:00+00:00,35.4,37.3,93.0
hyderabad,2025-12-12 15:00:00+00:00,38.9,40.7,79.0
hyderabad,2025-12-12 16:00:00+00:00,41.4,43.5,74.0
hyderabad,2025-12-12 17:00:00+00:00,44.6,46.9,74.0
hyderabad,2025-12-12 18:00:00+00:00,46.7,49.1,76.0
hyderabad,2025-12-12 19:00:00+00:00,46.7,49.4,79.0
hyderabad,2025-12-12 20:00:00+00:00,47.0,49.8,83.0
hyderabad,2025-12-12 21:00:00+00:00,47.6,50.5,87.0
hyderabad,2025-12-12 22:00:00+00:00,48.3,51.5,91.0
hyderabad,2025-12-12 23:00:00+00:00,49.1,52.4,94.0
hyderabad,2025-12-13 00:00:00+00:00,49.7,53.2,95.0
hyderabad,2025-12-13 01:00:00+00:00,52.9,56.5,90.0
hyderabad,2025-12-13 02:00:00+00:00,61.0,64.7,84.0
hyderabad,2025-12-13 03:00:00+00:00,56.5,59.1,86.0
hyderabad,2025-12-13 04:00:00+00:00,31.5,34.3,107.0
hyderabad,2025-12-13 05:00:00+00:00,24.4,26.8,136.0
hyderabad,2025-12-13 06:00:00+00:00,22.8,24.7,159.0
hyderabad,2025-12-13 07:00:00+00:00,23.0,24.7,169.0
hyderabad,2025-12-13 08:00:00+00:00,23.1,24.9,172.0
hyderabad,2025-12-13 09:00:00+00:00,23.1,24.8,170.0
hyderabad,2025-12-13 10:00:00+00:00,22.9,24.7,161.0
hyderabad,2025-12-13 11:00:00+00:00,23.2,24.9,145.0
hyderabad,2025-12-13 12:00:00+00:00,27.8,29.2,129.0
hyderabad,2025-12-13 13:00:00+00:00,34.1,35.5,110.0
hyderabad,2025-12-13 14:00:00+00:00,38.0,39.2,91.0
hyderabad,2025-12-13 15:00:00+00:00,39.8,41.2,77.0
hyderabad,2025-12-13 16:00:00+00:00,41.2,42.6,74.0
hyderabad,2025-12-13 17:00:00+00:00,42.6,44.0,77.0
hyderabad,2025-12-13 18:00:00+00:00,42.7,44.2,82.0
hyderabad,2025-12-13 19:00:00+00:00,42.1,43.7,88.0
hyderabad,2025-12-13 20:00:00+00:00,42.1,43.7,96.0
hyderabad,2025-12-13 21:00:00+00:00,42.8,44.4,102.0
hyderabad,2025-12-13 22:00:00+00:00,43.5,45.2,107.0
hyderabad,2025-12-13 23:00:00+00:00,44.4,45.9,111.0
hyderabad,2025-12-14 00:00:00+00:00,45.8,47.4,112.0
hyderabad,2025-12-14 01:00:00+00:00,50.1,51.6,108.0
hyderabad,2025-12-14 02:00:00+00:00,59.8,61.2,101.0
hyderabad,2025-12-14 03:00:00+00:00,52.7,53.8,102.0
hyderabad,2025-12-14 04:00:00+00:00,34.7,36.0,119.0
hyderabad,2025-12-14 05:00:00+00:00,31.5,32.9,143.0
hyderabad,2025-12-14 06:00:00+00:00,27.9,29.3,161.0
hyderabad,2025-12-14 07:00:00+00:00,26.6,28.0,168.0
hyderabad,2025-12-14 08:00:00+00:00,26.1,27.7,170.0
hyderabad,2025-12-14 09:00:00+00:00,26.0,27.6,166.0
hyderabad,2025-12-14 10:00:00+00:00,25.7,27.5,157.0
hyderabad,2025-12-14 11:00:00+00:00,26.0,27.8,142.0
hyderabad,2025-12-14 12:00:00+00:00,31.2,32.6,126.0
hyderabad,2025-12-14 13:00:00+00:00,38.1,39.6,107.0
hyderabad,2025-12-14 14:00:00+00:00,42.5,43.9,86.0
hyderabad,2025-12-14 15:00:00+00:00,45.6,47.0,72.0
hyderabad,2025-12-14 16:00:00+00:00,48.3,49.7,68.0
hyderabad,2025-12-14 17:00:00+00:00,49.9,51.3,71.0
hyderabad,2025-12-14 18:00:00+00:00,50.3,51.8,75.0
hyderabad,2025-12-14 19:00:00+00:00,49.9,51.5,80.0
hyderabad,2025-12-14 20:00:00+00:00,50.3,51.9,87.0
hyderabad,2025-12-14 21:00:00+00:00,51.0,52.7,93.0
hyderabad,2025-12-14 22:00:00+00:00,51.8,53.6,98.0
hyderabad,2025-12-14 23:00:00+00:00,52.6,54.4,102.0
hyderabad,2025-12-15 00:00:00+00:00,54.4,56.1,104.0
hyderabad,2025-12-15 01:00:00+00:00,59.3,61.0,101.0
hyderabad,2025-12-15 02:00:00+00:00,69.6,71.5,97.0
hyderabad,2025-12-15 03:00:00+00:00,58.0,59.1,101.0
hyderabad,2025-12-15 04:00:00+00:00,41.6,43.0,121.0
hyderabad,2025-12-15 05:00:00+00:00,36.9,38.3,148.0
hyderabad,2025-12-15 06:00:00+00:00,33.9,35.4,168.0
hyderabad,2025-12-15 07:00:00+00:00,32.6,34.2,174.0
hyderabad,2025-12-15 08:00:00+00:00,32.4,34.0,172.0
hyderabad,2025-12-15 09:00:00+00:00,32.2,34.0,167.0
hyderabad,2025-12-15 10:00:00+00:00,32.5,34.2,156.0
hyderabad,2025-12-15 11:00:00+00:00,33.3,35.0,142.0
hyderabad,2025-12-15 12:00:00+00:00,37.1,38.5,131.0
kolkata,2025-12-11 00:00:00+00:00,61.04,62.42,82.4
kolkata,2025-12-11 01:00:00+00:00,59.98,61.02,80.2
kolkata,2025-12-11 02:00:00+00:00,59.36,60.22,78.4
kolkata,2025-12-11 03:00:00+00:00,55.12,55.72,86.0
kolkata,2025-12-11 04:00:00+00:00,48.28,48.98,112.4
kolkata,2025-12-11 05:00:00+00:00,40.32,41.38,149.0
kolkata,2025-12-11 06:00:00+00:00,31.56,33.08,175.0
kolkata,2025-12-11 07:00:00+00:00,29.44,30.98,184.0
kolkata,2025-12-11 08:00:00+00:00,28.26,29.76,182.4
kolkata,2025-12-11 09:00:00+00:00,27.46,28.96,175.6
kolkata,2025-12-11 10:00:00+00:00,27.1,28.58,162.4
kolkata,2025-12-11 11:00:00+00:00,30.78,32.02,143.4
kolkata,2025-12-11 12:00:00+00:00,38.6,39.86,123.6
kolkata,2025-12-11 13:00:00+00:00,48.26,49.42,104.4
kolkata,2025-12-11 14:00:00+00:00,55.4,56.64,84.6
kolkata,2025-12-11 15:00:00+00:00,60.46,61.72,70.6
kolkata,2025-12-11 16:00:00+00:00,64.64,65.9,64.6
kolkata,2025-12-11 17:00:00+00:00,68.24,69.66,62.6
kolkata,2025-12-11 18:00:00+00:00,70.44,71.94,62.8
kolkata,2025-12-11 19:00:00+00:00,71.26,72.74,63.2
kolkata,2025-12-11 20:00:00+00:00,71.7,73.34,63.8
kolkata,2025-12-11 21:00:00+00:00,71.82,73.46,65.6
kolkata,2025-12-11 22:00:00+00:00,71.5,73.2,66.8
kolkata,2025-12-11 23:00:00+00:00,71.34,73.12,67.4
kolkata,2025-12-12 00:00:00+00:00,71.78,73.74,69.4
kolkata,2025-12-12 01:00:00+00:00,76.26,78.3,69.2
kolkata,2025-12-12 02:00:00+00:00,82.72,84.56,69.8
kolkata,2025-12-12 03:00:00+00:00,71.14,72.38,79.4
kolkata,2025-12-12 04:00:00+00:00,47.36,49.06,106.4
kolkata,2025-12-12 05:00:00+00:00,33.76,35.5,142.4
kolkata,2025-12-12 06:00:00+00:00,26.9,28.92,169.0
kolkata,2025-12-12 07:00:00+00:00,25.94,28.2,180.4
kolkata,2025-12-12 08:00:00+00:00,25.46,27.8,183.2
kolkata,2025-12-12 09:00:00+00:00,25.34,27.72,180.0
kolkata,2025-12-12 10:00:00+00:00,25.72,28.04,168.4
kolkata,2025-12-12 11:00:00+00:00,29.28,31.38,151.0
kolkata,2025-12-12 12:00:00+00:00,37.32,39.2,132.2
kolkata,2025-12-12 13:00:00+00:00,46.6,48.5,112.6
kolkata,2025-12-12 14:00:00+00:00,53.56,55.54,92.6
kolkata,2025-12-12 15:00:00+00:00,58.78,60.68,77.6
kolkata,2025-12-12 16:00:00+00:00,62.74,64.88,71.2
kolkata,2025-12-12 17:00:00+00:00,66.32,68.62,69.8
kolkata,2025-12-12 18:00:00+00:00,67.82,70.2,70.4
kolkata,2025-12-12 19:00:00+00:00,67.62,70.26,72.0
kolkata,2025-12-12 20:00:00+00:00,67.96,70.58,75.0
kolkata,2025-12-12 21:00:00+00:00,68.62,71.42,77.6
kolkata,2025-12-12 22:00:00+00:00,69.66,72.68,79.2
kolkata,2025-12-12 23:00:00+00:00,71.14,74.24,79.8
kolkata,2025-12-13 00:00:00+00:00,72.26,75.52,81.2
kolkata,2025-12-13 01:00:00+00:00,76.22,79.56,81.6
kolkata,2025-12-13 02:00:00+00:00,81.4,84.64,83.8
kolkata,2025-12-13 03:00:00+00:00,72.68,75.04,92.2
kolkata,2025-12-13 04:00:00+00:00,46.52,49.04,115.8
kolkata,2025-12-13 05:00:00+00:00,33.16,35.36,145.8
kolkata,2025-12-13 06:00:00+00:00,27.66,29.5,169.2
kolkata,2025-12-13 07:00:00+00:00,27.04,28.74,179.8
kolkata,2025-12-13 08:00:00+00:00,26.82,28.66,182.8
kolkata,2025-12-13 09:00:00+00:00,26.66,28.46,180.0
kolkata,2025-12-13 10:00:00+00:00,26.52,28.38,168.6
kolkata,2025-12-13 11:00:00+00:00,29.32,31.02,149.8
kolkata,2025-12-13 12:00:00+00:00,37.46,38.92,131.2
kolkata,2025-12-13 13:00:00+00:00,45.68,47.16,111.2
kolkata,2025-12-13 14:00:00+00:00,50.84,52.12,91.6
kolkata,2025-12-13 15:00:00+00:00,53.22,54.76,77.0
kolkata,2025-12-13 16:00:00+00:00,55.08,56.76,72.4
kolkata,2025-12-13 17:00:00+00:00,56.8,58.58,73.4
kolkata,2025-12-13 18:00:00+00:00,56.84,58.78,76.4
kolkata,2025-12-13 19:00:00+00:00,56.26,58.34,80.4
kolkata,2025-12-13 20:00:00+00:00,56.18,58.2,86.2
kolkata,2025-12-13 21:00:00+00:00,56.54,58.62,90.6
kolkata,2025-12-13 22:00:00+00:00,57.06,59.16,93.6
kolkata,2025-12-13 23:00:00+00:00,57.92,59.9,96.0
kolkata,2025-12-14 00:00:00+00:00,59.6,61.66,97.6
kolkata,2025-12-14 01:00:00+00:00,64.86,66.98,98.0
kolkata,2025-12-14 02:00:00+00:00,72.34,74.3,97.6
kolkata,2025-12-14 03:00:00+00:00,63.34,64.74,104.0
kolkata,2025-12-14 04:00:00+00:00,44.62,46.12,123.8
kolkata,2025-12-14 05:00:00+00:00,36.86,38.62,149.6
kolkata,2025-12-14 06:00:00+00:00,31.12,32.96,169.0
kolkata,2025-12-14 07:00:00+00:00,29.1,31.02,177.4
kolkata,2025-12-14 08:00:00+00:00,28.58,30.68,180.2
kolkata,2025-12-14 09:00:00+00:00,28.52,30.64,176.2
kolkata,2025-12-14 10:00:00+00:00,28.52,30.78,165.6
kolkata,2025-12-14 11:00:00+00:00,33.14,35.28,148.6
kolkata,2025-12-14 12:00:00+00:00,42.84,44.66,130.4
kolkata,2025-12-14 13:00:00+00:00,53.26,55.14,110.0
kolkata,2025-12-14 14:00:00+00:00,60.64,62.4,87.8
kolkata,2025-12-14 15:00:00+00:00,65.54,67.3,72.4
kolkata,2025-12-14 16:00:00+00:00,69.18,71.06,66.8
kolkata,2025-12-14 17:00:00+00:00,71.02,73.18,68.2
kolkata,2025-12-14 18:00:00+00:00,70.98,73.3,70.4
kolkata,2025-12-14 19:00:00+00:00,70.18,72.58,73.4
kolkata,2025-12-14 20:00:00+00:00,70.32,72.72,78.4
kolkata,2025-12-14 21:00:00+00:00,71.16,73.64,82.4
kolkata,2025-12-14 22:00:00+00:00,72.36,74.92,84.6
kolkata,2025-12-14 23:00:00+00:00,73.38,75.84,85.8
kolkata,2025-12-15 00:00:00+00:00,74.82,77.2,88.0
kolkata,2025-12-15 01:00:00+00:00,79.86,82.32,90.2
kolkata,2025-12-15 02:00:00+00:00,86.98,89.52,94.2
kolkata,2025-12-15 03:00:00+00:00,71.74,73.26,104.2
kolkata,2025-12-15 04:00:00+00:00,52.32,54.06,126.4
kolkata,2025-12-15 05:00:00+00:00,40.92,42.8,154.0
kolkata,2025-12-15 06:00:00+00:00,34.74,36.78,174.6
kolkata,2025-12-15 07:00:00+00:00,33.18,35.32,182.2
kolkata,2025-12-15 08:00:00+00:00,33.0,35.12,181.6
kolkata,2025-12-15 09:00:00+00:00,32.82,35.06,176.8
kolkata,2025-12-15 10:00:00+00:00,33.24,35.36,163.6
kolkata,2025-12-15 11:00:00+00:00,37.04,38.98,146.0
kolkata,2025-12-15 12:00:00+00:00,44.9,46.58,132.4
mumbai,2025-12-11 00:00:00+00:00,29.74,30.46,78.8
mumbai,2025-12-11 01:00:00+00:00,29.16,29.74,73.4
mumbai,2025-12-11 02:00:00+00:00,30.6,31.04,68.0
mumbai,2025-12-11 03:00:00+00:00,28.92,29.18,73.6
mumbai,2025-12-11 04:00:00+00:00,25.12,25.36,100.8
mumbai,2025-12-11 05:00:00+00:00,22.74,23.06,139.8
mumbai,2025-12-11 06:00:00+00:00,21.16,21.48,170.0
mumbai,2025-12-11 07:00:00+00:00,21.08,21.32,186.4
mumbai,2025-12-11 08:00:00+00:00,22.04,22.28,193.6
mumbai,2025-12-11 09:00:00+00:00,21.9,22.18,193.0
mumbai,2025-12-11 10:00:00+00:00,21.24,21.66,180.2
mumbai,2025-12-11 11:00:00+00:00,20.42,20.88,158.8
mumbai,2025-12-11 12:00:00+00:00,21.58,21.98,137.0
mumbai,2025-12-11 13:00:00+00:00,24.68,25.14,117.8
mumbai,2025-12-11 14:00:00+00:00,26.9,27.46,98.4
mumbai,2025-12-11 15:00:00+00:00,28.96,29.48,84.6
mumbai,2025-12-11 16:00:00+00:00,31.34,31.82,77.8
mumbai,2025-12-11 17:00:00+00:00,34.0,34.6,75.0
mumbai,2025-12-11 18:00:00+00:00,35.92,36.54,74.0
mumbai,2025-12-11 19:00:00+00:00,35.94,36.6,73.4
mumbai,2025-12-11 20:00:00+00:00,35.72,36.54,73.4
mumbai,2025-12-11 21:00:00+00:00,35.68,36.5,74.2
mumbai,2025-12-11 22:00:00+00:00,35.2,36.2,75.2
mumbai,2025-12-11 23:00:00+00:00,34.92,36.0,75.6
mumbai,2025-12-12 00:00:00+00:00,35.02,36.26,75.4
mumbai,2025-12-12 01:00:00+00:00,38.06,39.38,68.8
mumbai,2025-12-12 02:00:00+00:00,45.56,46.86,60.8
mumbai,2025-12-12 03:00:00+00:00,41.12,42.04,65.8
mumbai,2025-12-12 04:00:00+00:00,27.74,28.82,94.2
mumbai,2025-12-12 05:00:00+00:00,24.02,25.12,135.6
mumbai,2025-12-12 06:00:00+00:00,22.98,24.32,169.0
mumbai,2025-12-12 07:00:00+00:00,23.68,25.26,190.0
mumbai,2025-12-12 08:00:00+00:00,25.06,26.72,204.2
mumbai,2025-12-12 09:00:00+00:00,27.64,29.42,208.6
mumbai,2025-12-12 10:00:00+00:00,25.54,27.34,198.2
mumbai,2025-12-12 11:00:00+00:00,25.4,27.16,178.0
mumbai,2025-12-12 12:00:00+00:00,27.94,29.5,156.2
mumbai,2025-12-12 13:00:00+00:00,31.66,33.32,133.8
mumbai,2025-12-12 14:00:00+00:00,34.5,36.26,110.6
mumbai,2025-12-12 15:00:00+00:00,36.82,38.54,93.0
mumbai,2025-12-12 16:00:00+00:00,38.66,40.6,85.4
mumbai,2025-12-12 17:00:00+00:00,41.54,43.6,83.6
mumbai,2025-12-12 18:00:00+00:00,43.86,45.94,83.4
mumbai,2025-12-12 19:00:00+00:00,44.42,46.72,83.4
mumbai,2025-12-12 20:00:00+00:00,45.1,47.44,84.2
mumbai,2025-12-12 21:00:00+00:00,45.78,48.18,85.2
mumbai,2025-12-12 22:00:00+00:00,46.4,49.02,86.6
mumbai,2025-12-12 23:00:00+00:00,47.0,49.7,87.6
mumbai,2025-12-13 00:00:00+00:00,47.46,50.32,87.4
mumbai,2025-12-13 01:00:00+00:00,49.98,52.92,81.6
mumbai,2025-12-13 02:00:00+00:00,57.06,60.1,75.6
mumbai,2025-12-13 03:00:00+00:00,54.04,56.2,79.8
mumbai,2025-12-13 04:00:00+00:00,34.74,37.08,105.8
mumbai,2025-12-13 05:00:00+00:00,29.48,31.5,142.4
mumbai,2025-12-13 06:00:00+00:00,28.14,29.78,174.0
mumbai,2025-12-13 07:00:00+00:00,29.3,30.82,196.0
mumbai,2025-12-13 08:00:00+00:00,32.12,33.76,212.2
mumbai,2025-12-13 09:00:00+00:00,32.36,33.9,218.0
mumbai,2025-12-13 10:00:00+00:00,30.52,32.14,207.4
mumbai,2025-12-13 11:00:00+00:00,29.24,30.86,184.4
mumbai,2025-12-13 12:00:00+00:00,32.28,33.68,161.2
mumbai,2025-12-13 13:00:00+00:00,35.76,37.16,136.6
mumbai,2025-12-13 14:00:00+00:00,37.6,38.9,111.6
mumbai,2025-12-13 15:00:00+00:00,38.38,39.82,92.4
mumbai,2025-12-13 16:00:00+00:00,39.36,40.78,85.2
mumbai,2025-12-13 17:00:00+00:00,41.0,42.38,84.6
mumbai,2025-12-13 18:00:00+00:00,41.8,43.2,86.0
mumbai,2025-12-13 19:00:00+00:00,41.88,43.34,88.2
mumbai,2025-12-13 20:00:00+00:00,42.14,43.58,92.4
mumbai,2025-12-13 21:00:00+00:00,42.78,44.2,95.4
mumbai,2025-12-13 22:00:00+00:00,43.42,44.92,98.0
mumbai,2025-12-13 23:00:00+00:00,44.14,45.48,100.2
mumbai,2025-12-14 00:00:00+00:00,45.16,46.6,100.0
mumbai,2025-12-14 01:00:00+00:00,48.56,49.92,95.0
mumbai,2025-12-14 02:00:00+00:00,56.88,58.14,87.6
mumbai,2025-12-14 03:00:00+00:00,51.78,52.8,90.0
mumbai,2025-12-14 04:00:00+00:00,37.52,38.72,110.0
mumbai,2025-12-14 05:00:00+00:00,34.98,36.3,138.6
mumbai,2025-12-14 06:00:00+00:00,32.4,33.74,163.8
mumbai,2025-12-14 07:00:00+00:00,32.9,34.26,182.8
mumbai,2025-12-14 08:00:00+00:00,34.98,36.5,199.2
mumbai,2025-12-14 09:00:00+00:00,35.7,37.22,205.2
mumbai,2025-12-14 10:00:00+00:00,34.52,36.2,198.0
mumbai,2025-12-14 11:00:00+00:00,33.46,35.14,180.8
mumbai,2025-12-14 12:00:00+00:00,37.12,38.46,161.8
mumbai,2025-12-14 13:00:00+00:00,41.78,43.28,140.6
mumbai,2025-12-14 14:00:00+00:00,44.22,45.7,117.2
mumbai,2025-12-14 15:00:00+00:00,45.74,47.24,100.0
mumbai,2025-12-14 16:00:00+00:00,47.04,48.54,92.2
mumbai,2025-12-14 17:00:00+00:00,47.68,49.12,91.0
mumbai,2025-12-14 18:00:00+00:00,47.46,48.92,90.8
mumbai,2025-12-14 19:00:00+00:00,46.7,48.2,91.8
mumbai,2025-12-14 20:00:00+00:00,46.86,48.36,94.8
mumbai,2025-12-14 21:00:00+00:00,47.58,49.14,97.2
mumbai,2025-12-14 22:00:00+00:00,48.42,50.08,98.6
mumbai,2025-12-14 23:00:00+00:00,49.4,51.02,99.2
mumbai,2025-12-15 00:00:00+00:00,51.12,52.64,98.8
mumbai,2025-12-15 01:00:00+00:00,55.38,56.9,93.8
mumbai,2025-12-15 02:00:00+00:00,64.48,66.18,88.4
mumbai,2025-12-15 03:00:00+00:00,56.22,57.3,93.0
mumbai,2025-12-15 04:00:00+00:00,43.8,45.12,116.2
mumbai,2025-12-15 05:00:00+00:00,40.2,41.56,148.6
mumbai,2025-12-15 06:00:00+00:00,38.0,39.44,175.4
mumbai,2025-12-15 07:00:00+00:00,37.6,39.14,191.8
mumbai,2025-12-15 08:00:00+00:00,39.76,41.3,202.0
mumbai,2025-12-15 09:00:00+00:00,40.7,42.38,204.2
mumbai,2025-12-15 10:00:00+00:00,39.96,41.6,191.4
mumbai,2025-12-15 11:00:00+00:00,38.26,39.92,170.6
mumbai,2025-12-15 12:00:00+00:00,39.88,41.32,154.4
