city,time,hour,pm10,pm2_5,carbon_monoxide,nitrogen_dioxide,sulphur_dioxide,ozone,uv_index,aqi_pm25,severity,risk_class
bengaluru,2025-12-11 00:00:00+00:00,0,34.98,33.78,351.0,7.959999999999999,19.98,97.4,0.0,Good,1379.8,High Risk
bengaluru,2025-12-11 01:00:00+00:00,1,35.0,33.980000000000004,509.0,11.719999999999999,20.2,92.8,0.0,Good,1698.98,High Risk
bengaluru,2025-12-11 02:00:00+00:00,2,36.519999999999996,35.660000000000004,713.8,17.18,20.939999999999998,87.2,0.45,Good,2129.54,High Risk
bengaluru,2025-12-11 03:00:00+00:00,3,34.08,33.32000000000001,810.8,19.52,20.8,90.2,1.85,Good,2322.3199999999997,High Risk
bengaluru,2025-12-11 04:00:00+00:00,4,28.939999999999998,28.04,693.2,15.719999999999999,18.82,111.0,4.15,Good,2084.58,High Risk
bengaluru,2025-12-11 05:00:00+00:00,5,24.8,23.9,468.4,8.959999999999999,15.9,141.2,6.55,Good,1653.7399999999998,High Risk
bengaluru,2025-12-11 06:00:00+00:00,6,22.380000000000003,21.580000000000002,297.4,3.78,13.420000000000002,162.4,8.1,Good,1325.8400000000001,High Risk
bengaluru,2025-12-11 07:00:00+00:00,7,21.32,20.68,247.4,1.92,11.78,169.0,8.15,Good,1223.96,High Risk
bengaluru,2025-12-11 08:00:00+00:00,8,20.5,19.84,251.0,1.6600000000000001,10.6,166.6,6.7,Good,1211.54,High Risk
bengaluru,2025-12-11 09:00:00+00:00,9,19.9,19.240000000000002,276.2,2.8600000000000003,9.760000000000002,160.4,4.45,Good,1239.98,High Risk
bengaluru,2025-12-11 10:00:00+00:00,10,19.78,19.04,318.8,5.640000000000001,9.2,149.8,2.15,Good,1300.9,High Risk
bengaluru,2025-12-11 11:00:00+00:00,11,20.04,19.34,382.2,9.86,8.98,134.6,0.65,Good,1400.3799999999999,High Risk
bengaluru,2025-12-11 12:00:00+00:00,12,23.4,22.860000000000003,439.6,14.8,9.5,118.4,0.05,Good,1516.1000000000001,High Risk
bengaluru,2025-12-11 13:00:00+00:00,13,29.080000000000002,28.6,487.2,21.32,11.219999999999999,101.8,0.0,Good,1640.1999999999998,High Risk
bengaluru,2025-12-11 14:00:00+00:00,14,32.88,32.339999999999996,529.8,28.560000000000002,13.579999999999998,84.4,0.0,Good,1741.7,High Risk
bengaluru,2025-12-11 15:00:00+00:00,15,35.160000000000004,34.6,556.4,33.42,15.66,72.6,0.0,Good,1805.3999999999999,High Risk
bengaluru,2025-12-11 16:00:00+00:00,16,37.0,36.480000000000004,564.6,34.44,16.98,68.8,0.0,Good,1834.6800000000003,High Risk
bengaluru,2025-12-11 17:00:00+00:00,17,39.14,38.42,557.8,33.08,18.02,69.0,0.0,Good,1836.52,High Risk
bengaluru,2025-12-11 18:00:00+00:00,18,40.42,39.620000000000005,534.6,30.880000000000003,18.8,71.0,0.0,Good,1800.2800000000002,High Risk
bengaluru,2025-12-11 19:00:00+00:00,19,40.42,39.519999999999996,482.8,27.859999999999996,19.16,72.8,0.0,Good,1690.94,High Risk
bengaluru,2025-12-11 20:00:00+00:00,20,40.62,39.56,414.6,23.98,19.26,74.6,0.0,Good,1545.6200000000001,High Risk
bengaluru,2025-12-11 21:00:00+00:00,21,40.94,39.839999999999996,370.4,20.6,19.54,78.0,0.0,Good,1457.3799999999999,High Risk
bengaluru,2025-12-11 22:00:00+00:00,22,41.08,39.8,337.6,17.619999999999997,20.160000000000004,82.6,0.0,Good,1396.36,High Risk
bengaluru,2025-12-11 23:00:00+00:00,23,41.96,40.56,328.4,15.059999999999999,21.04,86.8,0.0,Good,1390.2800000000002,High Risk
bengaluru,2025-12-12 00:00:00+00:00,0,42.160000000000004,40.62,418.4,14.52,22.0,89.6,0.0,Good,1581.26,High Risk
bengaluru,2025-12-12 01:00:00+00:00,1,45.3,43.72,740.4,18.439999999999998,23.52,85.2,0.0,Good,2258.74,High Risk
bengaluru,2025-12-12 02:00:00+00:00,2,52.239999999999995,50.58,1161.2,24.36,25.04,78.4,0.35,Unknown,3164.8199999999997,High Risk
bengaluru,2025-12-12 03:00:00+00:00,3,45.660000000000004,44.4,1365.0,26.52,25.439999999999998,81.0,1.7,Good,3539.8199999999997,High Risk
bengaluru,2025-12-12 04:00:00+00:00,4,31.0,29.560000000000002,1135.8,20.86,23.68,101.8,4.15,Good,2995.96,High Risk
bengaluru,2025-12-12 05:00:00+00:00,5,26.2,24.759999999999998,687.8,11.34,20.66,132.2,6.9,Good,2102.6,High Risk
bengaluru,2025-12-12 06:00:00+00:00,6,24.259999999999998,22.54,348.4,4.2,17.939999999999998,154.6,8.65,Good,1434.6399999999999,High Risk
bengaluru,2025-12-12 07:00:00+00:00,7,23.48,21.48,256.2,1.6,15.9,164.0,8.75,Good,1252.24,High Risk
bengaluru,2025-12-12 08:00:00+00:00,8,22.720000000000002,20.660000000000004,271.6,1.3800000000000001,14.080000000000002,166.4,7.3,Good,1275.7000000000003,High Risk
bengaluru,2025-12-12 09:00:00+00:00,9,22.32,20.18,306.0,2.9400000000000004,12.84,163.8,4.8,Good,1334.38,High Risk
bengaluru,2025-12-12 10:00:00+00:00,10,22.36,20.240000000000002,335.8,6.380000000000001,12.12,153.8,2.35,Good,1375.2800000000002,High Risk
bengaluru,2025-12-12 11:00:00+00:00,11,22.860000000000003,20.860000000000003,383.8,11.5,12.0,139.0,0.7,Good,1451.48,High Risk
bengaluru,2025-12-12 12:00:00+00:00,12,27.339999999999996,25.679999999999996,431.6,17.4,12.58,122.4,0.05,Good,1560.74,High Risk
bengaluru,2025-12-12 13:00:00+00:00,13,34.48,32.739999999999995,477.2,25.0,14.38,104.2,0.0,Good,1691.6599999999999,High Risk
bengaluru,2025-12-12 14:00:00+00:00,14,38.94,37.160000000000004,522.0,33.36,16.9,85.4,0.0,Good,1803.86,High Risk
bengaluru,2025-12-12 15:00:00+00:00,15,41.64,39.94,555.8,38.78,19.080000000000002,72.2,0.0,Good,1884.2599999999998,High Risk
bengaluru,2025-12-12 16:00:00+00:00,16,43.760000000000005,41.86,574.8,39.18,20.419999999999998,68.8,0.0,Good,1934.98,High Risk
bengaluru,2025-12-12 17:00:00+00:00,17,46.36,44.3,582.2,36.540000000000006,21.4,70.8,0.0,Good,1969.1400000000003,High Risk
bengaluru,2025-12-12 18:00:00+00:00,18,47.9,45.760000000000005,574.2,33.22,21.919999999999998,74.4,0.0,Good,1964.66,High Risk
bengaluru,2025-12-12 19:00:00+00:00,19,47.86,45.5,538.0,29.360000000000003,21.78,78.2,0.0,Good,1886.2399999999998,High Risk
bengaluru,2025-12-12 20:00:00+00:00,20,47.959999999999994,45.56,487.2,24.8,21.339999999999996,82.8,0.0,Good,1779.04,High Risk
bengaluru,2025-12-12 21:00:00+00:00,21,48.46,45.94,457.0,21.04,21.1,86.8,0.0,Good,1718.04,High Risk
bengaluru,2025-12-12 22:00:00+00:00,22,49.28,46.5,445.4,18.119999999999997,21.380000000000003,90.2,0.0,Good,1699.7399999999998,High Risk
bengaluru,2025-12-12 23:00:00+00:00,23,50.239999999999995,47.36,456.0,16.06,22.02,92.2,0.0,Good,1728.44,High Risk
bengaluru,2025-12-13 00:00:00+00:00,0,51.660000000000004,48.58,531.2,16.56,22.8,92.2,0.0,Good,1894.3200000000002,High Risk
bengaluru,2025-12-13 01:00:00+00:00,1,55.82000000000001,52.660000000000004,765.4,22.9,24.42,86.4,0.0,Moderate,2410.04,High Risk
bengaluru,2025-12-13 02:00:00+00:00,2,63.160000000000004,59.98,1065.0,31.720000000000006,26.26,79.2,0.45,Moderate,3088.9,High Risk
bengaluru,2025-12-13 03:00:00+00:00,3,58.5,56.239999999999995,1194.2,35.1,26.5,80.6,2.05,Moderate,3333.3,High Risk
bengaluru,2025-12-13 04:00:00+00:00,4,34.98,32.160000000000004,984.8,27.340000000000003,23.839999999999996,101.0,4.7,Good,2743.06,High Risk
bengaluru,2025-12-13 05:00:00+00:00,5,26.74,24.0,605.0,14.12,19.580000000000002,129.6,7.45,Good,1933.82,High Risk
bengaluru,2025-12-13 06:00:00+00:00,6,23.839999999999996,21.560000000000002,321.2,4.24,16.18,152.4,9.25,Good,1360.6,High Risk
bengaluru,2025-12-13 07:00:00+00:00,7,23.32,21.32,249.8,1.02,14.540000000000001,162.6,9.4,Good,1226.2,High Risk
bengaluru,2025-12-13 08:00:00+00:00,8,23.24,21.26,275.2,1.06,13.66,166.2,7.85,Good,1283.8999999999999,High Risk
bengaluru,2025-12-13 09:00:00+00:00,9,23.1,21.220000000000002,317.0,3.08,13.14,164.0,5.2,Good,1366.28,High Risk
bengaluru,2025-12-13 10:00:00+00:00,10,22.98,21.04,354.8,7.12,12.680000000000001,153.8,2.5,Good,1424.3400000000001,High Risk
bengaluru,2025-12-13 11:00:00+00:00,11,23.32,21.439999999999998,409.2,13.059999999999999,12.58,136.6,0.75,Good,1507.9199999999998,High Risk
bengaluru,2025-12-13 12:00:00+00:00,12,28.24,26.660000000000004,462.2,19.34,13.1,119.4,0.05,Good,1630.3799999999999,High Risk
bengaluru,2025-12-13 13:00:00+00:00,13,35.3,33.64,513.0,26.720000000000006,14.74,100.2,0.0,Good,1766.54,High Risk
bengaluru,2025-12-13 14:00:00+00:00,14,38.9,37.36,562.4,34.44,17.0,81.2,0.0,Good,1877.6599999999999,High Risk
bengaluru,2025-12-13 15:00:00+00:00,15,40.220000000000006,38.519999999999996,592.0,38.739999999999995,18.72,68.0,0.0,Good,1931.1,High Risk
bengaluru,2025-12-13 16:00:00+00:00,16,41.02,39.3,584.4,37.379999999999995,19.28,66.6,0.0,Good,1914.8,High Risk
bengaluru,2025-12-13 17:00:00+00:00,17,42.019999999999996,40.3,556.8,32.67999999999999,19.220000000000002,71.6,0.0,Good,1863.5599999999997,High Risk
bengaluru,2025-12-13 18:00:00+00:00,18,42.02,40.220000000000006,541.2,27.8,19.060000000000002,78.2,0.0,Good,1831.6,High Risk
bengaluru,2025-12-13 19:00:00+00:00,19,41.5,39.620000000000005,548.0,23.32,18.720000000000002,84.8,0.0,Good,1841.1599999999999,High Risk
bengaluru,2025-12-13 20:00:00+00:00,20,41.64,39.8,566.0,18.6,18.259999999999998,93.0,0.0,Good,1882.3600000000001,High Risk
bengaluru,2025-12-13 21:00:00+00:00,21,42.5,40.66,598.6,15.0,18.2,99.0,0.0,Good,1957.8,High Risk
bengaluru,2025-12-13 22:00:00+00:00,22,43.52,41.6,643.6,12.559999999999999,18.759999999999998,103.4,0.0,Good,2061.24,High Risk
bengaluru,2025-12-13 23:00:00+00:00,23,44.56,42.760000000000005,702.4,11.26,19.68,106.4,0.0,Good,2195.24,High Risk
bengaluru,2025-12-14 00:00:00+00:00,0,46.379999999999995,44.459999999999994,778.2,12.120000000000001,20.68,106.6,0.0,Good,2368.84,High Risk
bengaluru,2025-12-14 01:00:00+00:00,1,51.02,49.14,918.0,17.860000000000003,22.04,102.2,0.0,Good,2700.96,High Risk
bengaluru,2025-12-14 02:00:00+00:00,2,59.739999999999995,58.0,1075.0,25.860000000000003,23.56,95.0,0.45,Moderate,3101.9,High Risk
bengaluru,2025-12-14 03:00:00+00:00,3,52.58,51.239999999999995,1112.6,29.1,23.7,95.8,2.05,Moderate,3137.74,High Risk
bengaluru,2025-12-14 04:00:00+00:00,4,35.739999999999995,34.14,918.2,22.82,21.479999999999997,112.4,4.55,Good,2628.7200000000003,High Risk
bengaluru,2025-12-14 05:00:00+00:00,5,31.5,29.98,603.4,11.84,17.979999999999997,136.2,7.25,Good,1979.08,High Risk
bengaluru,2025-12-14 06:00:00+00:00,6,27.660000000000004,26.159999999999997,368.2,3.5799999999999996,15.2,154.0,9.05,Good,1487.3,High Risk
bengaluru,2025-12-14 07:00:00+00:00,7,26.18,24.62,299.0,0.9400000000000001,13.88,161.2,9.25,Good,1342.52,High Risk
bengaluru,2025-12-14 08:00:00+00:00,8,25.82,24.060000000000002,308.4,1.1,13.219999999999999,163.2,7.75,Good,1361.4399999999998,High Risk
bengaluru,2025-12-14 09:00:00+00:00,9,25.68,23.9,335.2,2.92,12.920000000000002,159.2,5.15,Good,1407.8999999999999,High Risk
bengaluru,2025-12-14 10:00:00+00:00,10,25.6,23.72,364.6,6.5200000000000005,12.66,149.6,2.5,Good,1450.12,High Risk
bengaluru,2025-12-14 11:00:00+00:00,11,26.02,24.18,410.4,11.8,12.68,133.8,0.75,Good,1519.08,High Risk
bengaluru,2025-12-14 12:00:00+00:00,12,31.060000000000002,29.619999999999997,453.6,17.8,13.420000000000002,117.4,0.05,Good,1625.5600000000002,High Risk
bengaluru,2025-12-14 13:00:00+00:00,13,38.480000000000004,36.980000000000004,479.6,25.5,15.38,98.8,0.0,Good,1719.46,High Risk
bengaluru,2025-12-14 14:00:00+00:00,14,42.72,41.32,502.6,33.839999999999996,17.98,78.6,0.0,Good,1783.04,High Risk
bengaluru,2025-12-14 15:00:00+00:00,15,45.3,43.94,545.6,38.72,19.96,65.6,0.0,Good,1878.32,High Risk
bengaluru,2025-12-14 16:00:00+00:00,16,47.440000000000005,46.1,621.8,37.5,20.619999999999997,63.4,0.0,Good,2039.1000000000001,High Risk
bengaluru,2025-12-14 17:00:00+00:00,17,48.739999999999995,47.4,718.0,32.660000000000004,20.639999999999997,68.6,0.0,Good,2238.2200000000003,High Risk
bengaluru,2025-12-14 18:00:00+00:00,18,49.1,47.7,815.8,27.78,20.54,74.0,0.0,Good,2432.68,High Risk
bengaluru,2025-12-14 19:00:00+00:00,19,48.739999999999995,47.239999999999995,941.0,23.5,20.419999999999998,79.2,0.0,Good,2677.7,High Risk
bengaluru,2025-12-14 20:00:00+00:00,20,49.019999999999996,47.519999999999996,1067.6,19.2,20.18,85.6,0.0,Good,2934.1799999999994,High Risk
bengaluru,2025-12-14 21:00:00+00:00,21,49.720000000000006,48.14,1100.6,15.84,20.259999999999998,91.0,0.0,Good,3008.46,High Risk
bengaluru,2025-12-14 22:00:00+00:00,22,50.660000000000004,48.959999999999994,935.0,13.6,20.8,95.0,0.0,Good,2689.38,High Risk
bengaluru,2025-12-14 23:00:00+00:00,23,51.879999999999995,50.14,675.2,12.280000000000001,21.7,98.0,0.0,Unknown,2186.66,High Risk
bengaluru,2025-12-15 00:00:00+00:00,0,54.14,52.46,530.36,12.940000000000001,22.720000000000002,99.6,0.0,Moderate,1926.8799999999999,High Risk
bengaluru,2025-12-15 01:00:00+00:00,1,58.98,57.260000000000005,534.0,17.86,24.259999999999998,97.8,0.0,Moderate,1993.12,High Risk
bengaluru,2025-12-15 02:00:00+00:00,2,67.74,65.8,625.74,24.68,26.040000000000003,95.6,0.3,Moderate,2273.38,High Risk
bengaluru,2025-12-15 03:00:00+00:00,3,57.720000000000006,56.46,693.0,27.3,26.439999999999998,100.4,1.7,Moderate,2357.62,High Risk
bengaluru,2025-12-15 04:00:00+00:00,4,44.019999999999996,42.480000000000004,605.4,21.32,24.46,119.2,4.2,Good,2095.98,High Risk
bengaluru,2025-12-15 05:00:00+00:00,5,38.98,37.36,458.6,11.139999999999999,21.119999999999997,144.2,6.85,Good,1782.58,High Risk
bengaluru,2025-12-15 06:00:00+00:00,6,35.3,33.6,346.0,3.5,18.26,162.6,8.55,Good,1540.74,High Risk
bengaluru,2025-12-15 07:00:00+00:00,7,33.24,31.46,306.2,1.12,16.48,168.0,8.8,Good,1443.82,High Risk
bengaluru,2025-12-15 08:00:00+00:00,8,32.36,30.579999999999995,300.6,1.3800000000000001,15.2,165.8,7.4,Good,1414.9,High Risk
bengaluru,2025-12-15 09:00:00+00:00,9,32.1,30.140000000000004,309.8,2.7199999999999998,14.360000000000003,160.8,4.95,Good,1417.3200000000002,High Risk
bengaluru,2025-12-15 10:00:00+00:00,10,32.36,30.48,337.0,5.540000000000001,13.959999999999999,150.2,2.4,Good,1452.08,High Risk
bengaluru,2025-12-15 11:00:00+00:00,11,33.32,31.479999999999997,379.0,9.620000000000001,13.98,136.6,0.7,Good,1519.56,High Risk
bengaluru,2025-12-15 12:00:00+00:00,12,36.94,35.46,409.6,12.559999999999999,14.040000000000001,126.2,0.05,Good,1592.3200000000002,High Risk
delhi,2025-12-11 00:00:00+00:00,0,45.56,44.64,489.6,12.42,23.1,82.6,0.0,Good,1728.96,High Risk
delhi,2025-12-11 01:00:00+00:00,1,45.980000000000004,45.22,669.4,16.8,23.919999999999998,76.2,0.0,Good,2094.3199999999997,High Risk
delhi,2025-12-11 02:00:00+00:00,2,49.62,49.019999999999996,903.2,23.32,25.639999999999997,68.8,0.1,Good,2602.6,High Risk
delhi,2025-12-11 03:00:00+00:00,3,48.18,47.760000000000005,1016.2,26.160000000000004,26.4,72.8,0.65,Good,2844.38,High Risk
delhi,2025-12-11 04:00:00+00:00,4,42.46,42.14,892.8,21.759999999999998,25.04,99.8,1.7,Good,2610.28,High Risk
delhi,2025-12-11 05:00:00+00:00,5,37.42,36.96,649.4,13.8,22.64,139.0,2.9,Good,2158.62,High Risk
delhi,2025-12-11 06:00:00+00:00,6,31.96,31.5,454.6,7.540000000000001,20.56,167.0,3.75,Good,1775.98,High Risk
delhi,2025-12-11 07:00:00+00:00,7,27.660000000000004,27.28,371.8,4.62,19.14,176.6,3.9,Good,1587.82,High Risk
delhi,2025-12-11 08:00:00+00:00,8,25.240000000000002,24.9,337.4,3.4,18.04,175.0,3.15,Good,1485.78,High Risk
delhi,2025-12-11 09:00:00+00:00,9,23.44,23.1,338.4,4.5200000000000005,17.259999999999998,168.0,1.95,Good,1453.74,High Risk
delhi,2025-12-11 10:00:00+00:00,10,22.5,22.080000000000002,382.2,8.86,16.72,154.2,0.85,Good,1507.2199999999998,High Risk
delhi,2025-12-11 11:00:00+00:00,11,23.080000000000002,22.7,460.2,15.559999999999999,16.5,134.0,0.2,Good,1633.38,High Risk
delhi,2025-12-11 12:00:00+00:00,12,28.68,28.4,529.4,22.52,17.22,114.0,0.0,Good,1787.8,High Risk
delhi,2025-12-11 13:00:00+00:00,13,36.519999999999996,36.239999999999995,578.0,30.060000000000002,19.52,95.6,0.0,Good,1931.8799999999999,High Risk
delhi,2025-12-11 14:00:00+00:00,14,41.940000000000005,41.519999999999996,618.4,37.84,22.66,77.0,0.0,Good,2043.2199999999998,High Risk
delhi,2025-12-11 15:00:00+00:00,15,46.22,45.8,646.2,43.06,25.48,64.4,0.0,Good,2127.42,High Risk
delhi,2025-12-11 16:00:00+00:00,16,50.62,50.22,664.6,44.28,27.619999999999997,59.8,0.0,Unknown,2199.16,High Risk
delhi,2025-12-11 17:00:00+00:00,17,55.220000000000006,54.64,671.4,42.92,29.419999999999998,59.4,0.0,Moderate,2249.22,High Risk
delhi,2025-12-11 18:00:00+00:00,18,57.6,56.94,653.4,40.64,30.419999999999998,60.8,0.0,Moderate,2230.94,High Risk
delhi,2025-12-11 19:00:00+00:00,19,57.279999999999994,56.54,590.4,37.42,29.919999999999998,62.4,0.0,Moderate,2091.8999999999996,High Risk
delhi,2025-12-11 20:00:00+00:00,20,56.94,56.04,502.8,33.260000000000005,28.619999999999997,64.0,0.0,Moderate,1896.1399999999999,High Risk
delhi,2025-12-11 21:00:00+00:00,21,57.160000000000004,56.28000000000001,445.0,29.72,27.879999999999995,66.4,0.0,Moderate,1772.48,High Risk
delhi,2025-12-11 22:00:00+00:00,22,57.279999999999994,56.11999999999999,407.2,26.82,28.2,68.4,0.0,Moderate,1692.12,High Risk
delhi,2025-12-11 23:00:00+00:00,23,57.379999999999995,56.160000000000004,398.6,24.479999999999997,29.18,69.2,0.0,Moderate,1672.38,High Risk
delhi,2025-12-12 00:00:00+00:00,0,58.17999999999999,56.879999999999995,500.8,24.16,30.5,69.8,0.0,Moderate,1888.58,High Risk
delhi,2025-12-12 01:00:00+00:00,1,62.64,61.279999999999994,856.4,28.52,32.82,64.2,0.0,Moderate,2645.08,High Risk
delhi,2025-12-12 02:00:00+00:00,2,72.36,70.9,1322.2,34.879999999999995,35.42,57.6,0.1,Moderate,3669.9800000000005,High Risk
delhi,2025-12-12 03:00:00+00:00,3,67.16,66.1,1558.4,36.78,36.54,63.2,0.65,Moderate,4131.660000000001,High Risk
delhi,2025-12-12 04:00:00+00:00,4,49.89999999999999,48.76,1339.0,29.54,34.78,92.6,1.65,Good,3606.58,High Risk
delhi,2025-12-12 05:00:00+00:00,5,41.7,40.46,888.2,17.759999999999998,31.380000000000003,134.6,2.85,Good,2704.16,High Risk
delhi,2025-12-12 06:00:00+00:00,6,35.92,34.5,539.2,8.72,28.4,166.2,3.7,Good,2005.74,High Risk
delhi,2025-12-12 07:00:00+00:00,7,32.2,30.54,423.4,4.66,26.32,180.4,3.75,Good,1761.22,High Risk
delhi,2025-12-12 08:00:00+00:00,8,30.6,28.860000000000003,408.6,3.3600000000000003,24.54,185.2,3.05,Good,1720.5,High Risk
delhi,2025-12-12 09:00:00+00:00,9,30.080000000000002,28.2,433.0,5.16,23.54,182.6,1.9,Good,1759.84,High Risk
delhi,2025-12-12 10:00:00+00:00,10,30.160000000000004,28.3,488.4,11.040000000000001,23.18,170.2,0.8,Good,1856.2599999999998,High Risk
delhi,2025-12-12 11:00:00+00:00,11,32.36,30.580000000000002,582.4,19.96,23.56,150.6,0.2,Good,2040.66,High Risk
delhi,2025-12-12 12:00:00+00:00,12,42.78,41.239999999999995,677.8,29.380000000000003,25.240000000000002,129.4,0.0,Good,2296.8199999999997,High Risk
delhi,2025-12-12 13:00:00+00:00,13,55.620000000000005,54.0,769.8,39.64,28.880000000000003,107.4,0.0,Moderate,2572.74,High Risk
delhi,2025-12-12 14:00:00+00:00,14,65.97999999999999,64.26,862.2,50.42,33.8,84.6,0.0,Moderate,2834.3200000000006,High Risk
delhi,2025-12-12 15:00:00+00:00,15,74.84,73.3,934.2,58.260000000000005,38.660000000000004,67.8,0.0,Moderate,3050.5,High Risk
delhi,2025-12-12 16:00:00+00:00,16,82.66,80.8,976.0,61.660000000000004,43.7,61.2,0.0,Moderate,3209.02,High Risk
delhi,2025-12-12 17:00:00+00:00,17,90.03999999999999,88.02000000000001,996.4,62.04,48.68,60.6,0.0,Moderate,3327.7,High Risk
delhi,2025-12-12 18:00:00+00:00,18,94.22,92.12,997.4,60.42,51.00000000000001,62.0,0.0,Moderate,3369.74,High Risk
delhi,2025-12-12 19:00:00+00:00,19,93.16,90.82000000000001,967.2,56.06,48.760000000000005,64.4,0.0,Moderate,3280.46,High Risk
delhi,2025-12-12 20:00:00+00:00,20,91.44,89.0,918.2,49.68,44.0,67.8,0.0,Moderate,3133.84,High Risk
delhi,2025-12-12 21:00:00+00:00,21,89.76,87.26,888.8,43.92,40.0,71.4,0.0,Moderate,3033.0599999999995,High Risk
delhi,2025-12-12 22:00:00+00:00,22,88.88,86.24,871.6,39.04,37.839999999999996,74.6,0.0,Moderate,2972.36,High Risk
delhi,2025-12-12 23:00:00+00:00,23,88.58000000000001,85.76,875.4,34.839999999999996,36.56,76.8,0.0,Moderate,2961.34,High Risk
delhi,2025-12-13 00:00:00+00:00,0,88.56,85.58,961.2,33.519999999999996,36.32,78.0,0.0,Moderate,3129.34,High Risk
delhi,2025-12-13 01:00:00+00:00,1,91.86,88.88000000000001,1253.0,38.739999999999995,38.42,73.8,0.0,Moderate,3756.02,High Risk
delhi,2025-12-13 02:00:00+00:00,2,102.06,98.9,1627.6,46.760000000000005,41.62,69.2,0.1,Moderate,4617.0,High Risk
delhi,2025-12-13 03:00:00+00:00,3,101.66,99.58,1778.8,48.959999999999994,42.739999999999995,75.6,0.55,Moderate,4954.08,High Risk
delhi,2025-12-13 04:00:00+00:00,4,70.56,68.22,1489.2,39.2,39.660000000000004,106.4,1.5,Moderate,4165.82,High Risk
delhi,2025-12-13 05:00:00+00:00,5,56.739999999999995,54.64,976.4,23.64,34.5,148.0,2.6,Moderate,3072.7799999999997,High Risk
delhi,2025-12-13 06:00:00+00:00,6,47.04,45.34,584.4,11.72,30.660000000000004,180.4,3.35,Good,2247.34,High Risk
delhi,2025-12-13 07:00:00+00:00,7,41.18,39.64,457.0,6.659999999999999,29.6,194.2,3.45,Good,1963.3799999999999,High Risk
delhi,2025-12-13 08:00:00+00:00,8,38.6,36.92,451.4,5.159999999999999,29.8,197.8,2.75,Good,1936.44,High Risk
delhi,2025-12-13 09:00:00+00:00,9,37.76,36.12,482.6,7.0200000000000005,30.2,194.4,1.75,Good,1991.16,High Risk
delhi,2025-12-13 10:00:00+00:00,10,37.5,35.82,532.8,13.14,30.2,181.8,0.75,Good,2075.96,High Risk
delhi,2025-12-13 11:00:00+00:00,11,42.32,40.72,619.8,22.52,30.419999999999998,160.4,0.15,Good,2263.12,High Risk
delhi,2025-12-13 12:00:00+00:00,12,53.44,52.04,715.0,32.019999999999996,31.48,138.8,0.0,Moderate,2520.92,High Risk
delhi,2025-12-13 13:00:00+00:00,13,67.24,65.84,824.8,42.06,34.459999999999994,114.2,0.0,Moderate,2829.2,High Risk
delhi,2025-12-13 14:00:00+00:00,14,77.0,75.84,942.4,52.2,38.3,89.4,0.0,Moderate,3125.2,High Risk
delhi,2025-12-13 15:00:00+00:00,15,81.02000000000001,79.7,1015.2,58.06,40.480000000000004,71.4,0.0,Moderate,3280.3199999999997,High Risk
delhi,2025-12-13 16:00:00+00:00,16,80.46000000000001,79.24,1002.2,56.92,39.540000000000006,67.2,0.0,Moderate,3229.42,High Risk
delhi,2025-12-13 17:00:00+00:00,17,78.88,77.58,944.2,51.6,36.86,70.8,0.0,Moderate,3079.18,High Risk
delhi,2025-12-13 18:00:00+00:00,18,76.44,75.03999999999999,909.0,46.0,34.28,75.8,0.0,Moderate,2971.04,High Risk
delhi,2025-12-13 19:00:00+00:00,19,73.97999999999999,72.52,923.2,41.06,32.12,80.6,0.0,Moderate,2965.46,High Risk
delhi,2025-12-13 20:00:00+00:00,20,73.06,71.58,959.4,35.78,30.040000000000003,86.8,0.0,Moderate,3019.56,High Risk
delhi,2025-12-13 21:00:00+00:00,21,73.34,71.96000000000001,1009.2,31.339999999999996,28.68,91.2,0.0,Moderate,3111.9,High Risk
delhi,2025-12-13 22:00:00+00:00,22,73.88,72.34,1057.8,27.439999999999998,28.179999999999996,94.6,0.0,Moderate,3205.2200000000003,High Risk
delhi,2025-12-13 23:00:00+00:00,23,74.44,73.06,1119.0,24.380000000000003,28.4,97.2,0.0,Moderate,3329.3399999999997,High Risk
delhi,2025-12-14 00:00:00+00:00,0,75.82000000000001,74.46000000000001,1221.8,23.98,29.4,97.6,0.0,Moderate,3549.6800000000003,High Risk
delhi,2025-12-14 01:00:00+00:00,1,80.76,79.47999999999999,1452.2,29.54,32.12,92.4,0.0,Moderate,4067.92,High Risk
delhi,2025-12-14 02:00:00+00:00,2,92.74,91.52000000000001,1724.0,37.86,35.72,85.0,0.1,Moderate,4733.139999999999,High Risk
delhi,2025-12-14 03:00:00+00:00,3,91.46000000000001,90.4,1808.4,40.760000000000005,37.3,89.2,0.55,Moderate,4923.02,High Risk
delhi,2025-12-14 04:00:00+00:00,4,68.66,67.52000000000001,1531.8,32.82,34.96,116.2,1.45,Moderate,4226.900000000001,High Risk
delhi,2025-12-14 05:00:00+00:00,5,59.94,58.720000000000006,1067.0,19.58,30.68,154.2,2.4,Moderate,3271.06,High Risk
delhi,2025-12-14 06:00:00+00:00,6,51.56,50.36,703.4,9.4,27.78,182.6,3.1,Unknown,2509.8,High Risk
delhi,2025-12-14 07:00:00+00:00,7,46.239999999999995,44.88,554.8,5.34,27.860000000000003,194.0,3.2,Good,2187.52,High Risk
delhi,2025-12-14 08:00:00+00:00,8,42.980000000000004,41.42,506.8,4.4399999999999995,29.24,197.0,2.7,Good,2075.36,High Risk
delhi,2025-12-14 09:00:00+00:00,9,41.12,39.62,505.6,6.140000000000001,30.24,191.8,1.75,Good,2053.58,High Risk
delhi,2025-12-14 10:00:00+00:00,10,40.160000000000004,38.440000000000005,545.0,11.120000000000001,29.619999999999997,178.6,0.75,Good,2101.44,High Risk
delhi,2025-12-14 11:00:00+00:00,11,42.26,40.6,630.2,18.72,28.52,157.4,0.15,Good,2251.34,High Risk
delhi,2025-12-14 12:00:00+00:00,12,52.44,51.04,723.6,26.939999999999998,28.7,135.4,0.0,Moderate,2488.4799999999996,High Risk
delhi,2025-12-14 13:00:00+00:00,13,64.1,62.7,810.8,36.36,31.26,111.2,0.0,Moderate,2731.48,High Risk
delhi,2025-12-14 14:00:00+00:00,14,73.5,72.17999999999999,906.2,46.32,35.0,85.4,0.0,Moderate,2975.2799999999997,High Risk
delhi,2025-12-14 15:00:00+00:00,15,80.9,79.6,1013.2,52.64,38.0,67.4,0.0,Moderate,3231.8599999999997,High Risk
delhi,2025-12-14 16:00:00+00:00,16,87.26,85.96000000000001,1144.8,52.85999999999999,39.6,60.8,0.0,Moderate,3533.42,High Risk
delhi,2025-12-14 17:00:00+00:00,17,91.7,90.4,1288.0,49.3,40.42,62.2,0.0,Moderate,3848.58,High Risk
delhi,2025-12-14 18:00:00+00:00,18,93.4,91.84,1406.0,45.06,40.28,64.8,0.0,Moderate,4087.1600000000003,High Risk
delhi,2025-12-14 19:00:00+00:00,19,92.06,90.58000000000001,1508.2,40.480000000000004,38.64,68.4,0.0,Moderate,4267.16,High Risk
delhi,2025-12-14 20:00:00+00:00,20,90.5,88.86,1585.0,35.22,36.019999999999996,74.0,0.0,Moderate,4392.76,High Risk
delhi,2025-12-14 21:00:00+00:00,21,88.44,86.9,1572.4,30.74,33.92,79.2,0.0,Moderate,4340.860000000001,High Risk
delhi,2025-12-14 22:00:00+00:00,22,86.0,84.38,1371.2,27.22,32.68,83.6,0.0,Moderate,3912.7000000000003,High Risk
delhi,2025-12-14 23:00:00+00:00,23,83.0,81.38,1079.6,24.48,31.96,87.4,0.0,Moderate,3303.0599999999995,High Risk
delhi,2025-12-15 00:00:00+00:00,0,81.38,79.84,919.8,23.98,32.02,89.6,0.0,Moderate,2975.74,High Risk
delhi,2025-12-15 01:00:00+00:00,1,84.56,83.02000000000001,926.0,28.360000000000003,33.739999999999995,87.0,0.0,Moderate,3030.1800000000003,High Risk
delhi,2025-12-15 02:00:00+00:00,2,94.64,92.84,1047.0,34.9,36.32000000000001,83.8,0.1,Moderate,3378.4,High Risk
delhi,2025-12-15 03:00:00+00:00,3,84.06,83.0,1127.6,36.760000000000005,37.08,90.0,0.6,Moderate,3487.74,High Risk
delhi,2025-12-15 04:00:00+00:00,4,66.26,64.94,980.6,28.939999999999998,34.519999999999996,115.4,1.6,Moderate,3084.7200000000003,High Risk
delhi,2025-12-15 05:00:00+00:00,5,57.08,55.78000000000001,743.4,16.44,30.139999999999997,149.6,2.8,Moderate,2572.0600000000004,High Risk
delhi,2025-12-15 06:00:00+00:00,6,47.36,45.839999999999996,551.4,6.92,26.28,174.4,3.7,Good,2130.08,High Risk
delhi,2025-12-15 07:00:00+00:00,7,40.5,38.88,454.6,3.38,23.6,181.2,3.85,Good,1876.62,High Risk
delhi,2025-12-15 08:00:00+00:00,8,37.42,35.8,402.8,2.9,21.44,177.8,3.15,Good,1727.6200000000001,High Risk
delhi,2025-12-15 09:00:00+00:00,9,36.42,34.64,383.4,4.12,19.98,170.6,2.0,Good,1657.4599999999998,High Risk
delhi,2025-12-15 10:00:00+00:00,10,36.34,34.660000000000004,408.8,7.779999999999999,19.4,157.2,0.9,Good,1680.24,High Risk
delhi,2025-12-15 11:00:00+00:00,11,37.36,35.72,466.6,13.3,19.52,140.0,0.2,Good,1775.16,High Risk
delhi,2025-12-15 12:00:00+00:00,12,42.42,41.06,510.0,17.3,19.66,127.0,0.0,Good,1881.4,High Risk
hyderabad,2025-12-11 00:00:00+00:00,0,30.4,29.5,348.0,8.4,20.8,92.0,0.0,Good,1327.5,High Risk
hyderabad,2025-12-11 01:00:00+00:00,1,29.7,29.0,515.0,12.1,20.7,86.0,0.0,Good,1653.3,High Risk
hyderabad,2025-12-11 02:00:00+00:00,2,30.7,30.2,730.0,17.6,21.2,79.0,0.45,Good,2095.3,High Risk
hyderabad,2025-12-11 03:00:00+00:00,3,27.4,27.1,830.0,19.9,20.9,82.0,1.8,Good,2286.9,High Risk
hyderabad,2025-12-11 04:00:00+00:00,4,22.0,21.7,701.0,16.0,18.8,105.0,4.05,Good,2030.7,High Risk
hyderabad,2025-12-11 05:00:00+00:00,5,18.9,18.5,458.0,9.1,15.8,139.0,6.35,Good,1581.8,High Risk
hyderabad,2025-12-11 06:00:00+00:00,6,17.2,16.8,274.0,3.8,13.3,163.0,7.85,Good,1241.0,High Risk
hyderabad,2025-12-11 07:00:00+00:00,7,16.6,16.3,223.0,1.9,11.7,171.0,7.9,Good,1144.7,High Risk
hyderabad,2025-12-11 08:00:00+00:00,8,16.0,15.7,231.0,1.6,10.6,169.0,6.45,Good,1144.3,High Risk
hyderabad,2025-12-11 09:00:00+00:00,9,15.3,15.0,260.0,2.7,9.8,163.0,4.15,Good,1179.9,High Risk
hyderabad,2025-12-11 10:00:00+00:00,10,15.0,14.6,303.0,5.2,9.2,152.0,1.9,Good,1237.6,High Risk
hyderabad,2025-12-11 11:00:00+00:00,11,15.0,14.6,366.0,9.1,8.9,136.0,0.5,Good,1330.0,High Risk
hyderabad,2025-12-11 12:00:00+00:00,12,18.4,18.1,423.0,13.9,9.4,119.0,0.0,Good,1441.9,High Risk
hyderabad,2025-12-11 13:00:00+00:00,13,24.3,24.0,471.0,20.6,11.2,102.0,0.0,Good,1568.1,High Risk
hyderabad,2025-12-11 14:00:00+00:00,14,28.2,27.8,514.0,28.2,13.7,84.0,0.0,Good,1671.2,High Risk
hyderabad,2025-12-11 15:00:00+00:00,15,30.7,30.3,540.0,33.5,16.0,72.0,0.0,Good,1737.6,High Risk
hyderabad,2025-12-11 16:00:00+00:00,16,32.9,32.5,546.0,35.1,17.7,68.0,0.0,Good,1768.4,High Risk
hyderabad,2025-12-11 17:00:00+00:00,17,35.5,34.9,536.0,34.4,19.2,68.0,0.0,Good,1771.4,High Risk
hyderabad,2025-12-11 18:00:00+00:00,18,37.3,36.6,509.0,32.7,20.4,70.0,0.0,Good,1735.3,High Risk
hyderabad,2025-12-11 19:00:00+00:00,19,37.6,36.8,452.0,29.9,21.0,72.0,0.0,Good,1620.4,High Risk
hyderabad,2025-12-11 20:00:00+00:00,20,38.0,37.0,378.0,26.1,21.3,74.0,0.0,Good,1466.6,High Risk
hyderabad,2025-12-11 21:00:00+00:00,21,38.4,37.4,332.0,22.8,21.9,77.0,0.0,Good,1376.0,High Risk
hyderabad,2025-12-11 22:00:00+00:00,22,38.3,37.1,299.0,19.9,23.1,80.0,0.0,Good,1310.4,High Risk
hyderabad,2025-12-11 23:00:00+00:00,23,38.2,36.9,293.0,17.4,24.7,82.0,0.0,Good,1299.5,High Risk
hyderabad,2025-12-12 00:00:00+00:00,0,38.5,37.0,401.0,17.0,26.2,83.0,0.0,Good,1524.3,High Risk
hyderabad,2025-12-12 01:00:00+00:00,1,42.1,40.5,775.0,21.4,28.0,77.0,0.0,Good,2307.4,High Risk
hyderabad,2025-12-12 02:00:00+00:00,2,50.4,48.8,1262.0,27.9,29.6,69.0,0.45,Good,3356.2,High Risk
hyderabad,2025-12-12 03:00:00+00:00,3,43.1,42.0,1500.0,30.1,29.9,72.0,1.8,Good,3795.3,High Risk
hyderabad,2025-12-12 04:00:00+00:00,4,25.7,24.4,1241.0,23.4,27.7,96.0,4.1,Good,3173.5,High Risk
hyderabad,2025-12-12 05:00:00+00:00,5,20.8,19.5,731.0,12.3,24.0,131.0,6.45,Good,2160.1,High Risk
hyderabad,2025-12-12 06:00:00+00:00,6,19.8,18.2,345.0,4.0,20.7,157.0,7.95,Good,1410.2,High Risk
hyderabad,2025-12-12 07:00:00+00:00,7,20.0,18.1,243.0,1.2,18.3,168.0,7.95,Good,1218.5,High Risk
hyderabad,2025-12-12 08:00:00+00:00,8,20.1,18.1,264.0,1.2,16.2,171.0,6.45,Good,1261.4,High Risk
hyderabad,2025-12-12 09:00:00+00:00,9,20.3,18.2,304.0,2.7,14.7,169.0,4.1,Good,1336.5,High Risk
hyderabad,2025-12-12 10:00:00+00:00,10,20.7,18.6,336.0,5.4,13.7,160.0,1.9,Good,1383.5,High Risk
hyderabad,2025-12-12 11:00:00+00:00,11,21.3,19.3,386.0,9.5,13.3,146.0,0.5,Good,1461.6,High Risk
hyderabad,2025-12-12 12:00:00+00:00,12,25.6,23.9,431.0,14.6,13.7,130.0,0.0,Good,1561.5,High Risk
hyderabad,2025-12-12 13:00:00+00:00,13,32.4,30.6,463.0,21.7,15.4,112.0,0.0,Good,1660.6,High Risk
hyderabad,2025-12-12 14:00:00+00:00,14,37.3,35.4,489.0,29.8,17.9,93.0,0.0,Good,1736.6999999999998,High Risk
hyderabad,2025-12-12 15:00:00+00:00,15,40.7,38.9,512.0,35.5,20.2,79.0,0.0,Good,1800.4,High Risk
hyderabad,2025-12-12 16:00:00+00:00,16,43.5,41.4,535.0,37.1,21.9,74.0,0.0,Good,1865.5,High Risk
hyderabad,2025-12-12 17:00:00+00:00,17,46.9,44.6,554.0,36.2,23.4,74.0,0.0,Good,1932.1,High Risk
hyderabad,2025-12-12 18:00:00+00:00,18,49.1,46.7,556.0,34.3,24.3,76.0,0.0,Good,1955.2,High Risk
hyderabad,2025-12-12 19:00:00+00:00,19,49.4,46.7,525.0,31.2,24.3,79.0,0.0,Good,1890.7,High Risk
hyderabad,2025-12-12 20:00:00+00:00,20,49.8,47.0,478.0,27.1,23.9,83.0,0.0,Good,1793.4,High Risk
hyderabad,2025-12-12 21:00:00+00:00,21,50.5,47.6,452.0,23.5,23.7,87.0,0.0,Good,1743.3,High Risk
hyderabad,2025-12-12 22:00:00+00:00,22,51.5,48.3,449.0,20.4,24.1,91.0,0.0,Good,1745.0,High Risk
hyderabad,2025-12-12 23:00:00+00:00,23,52.4,49.1,469.0,17.9,24.9,94.0,0.0,Good,1793.9,High Risk
hyderabad,2025-12-13 00:00:00+00:00,0,53.2,49.7,544.0,18.0,25.8,95.0,0.0,Good,1956.3000000000002,High Risk
hyderabad,2025-12-13 01:00:00+00:00,1,56.5,52.9,758.0,24.1,27.6,90.0,0.0,Moderate,2426.8,High Risk
hyderabad,2025-12-13 02:00:00+00:00,2,64.7,61.0,1028.0,32.7,29.6,84.0,0.4,Moderate,3056.3,High Risk
hyderabad,2025-12-13 03:00:00+00:00,3,59.1,56.5,1141.0,35.8,29.8,86.0,1.7,Moderate,3262.2,High Risk
hyderabad,2025-12-13 04:00:00+00:00,4,34.3,31.5,943.0,27.6,26.7,107.0,3.9,Good,2684.6,High Risk
hyderabad,2025-12-13 05:00:00+00:00,5,26.8,24.4,588.0,13.9,21.8,136.0,6.15,Good,1929.2,High Risk
hyderabad,2025-12-13 06:00:00+00:00,6,24.7,22.8,323.0,3.7,17.9,159.0,7.6,Good,1397.5,High Risk
hyderabad,2025-12-13 07:00:00+00:00,7,24.7,23.0,256.0,0.6,16.1,169.0,7.6,Good,1274.9,High Risk
hyderabad,2025-12-13 08:00:00+00:00,8,24.9,23.1,280.0,0.9,15.2,172.0,6.2,Good,1330.6,High Risk
hyderabad,2025-12-13 09:00:00+00:00,9,24.8,23.1,320.0,2.7,14.6,170.0,4.0,Good,1409.1,High Risk
hyderabad,2025-12-13 10:00:00+00:00,10,24.7,22.9,358.0,5.5,13.9,161.0,1.85,Good,1465.2,High Risk
hyderabad,2025-12-13 11:00:00+00:00,11,24.9,23.2,412.0,9.7,13.5,145.0,0.5,Good,1542.5,High Risk
hyderabad,2025-12-13 12:00:00+00:00,12,29.2,27.8,463.0,14.6,13.8,129.0,0.0,Good,1653.2,High Risk
hyderabad,2025-12-13 13:00:00+00:00,13,35.5,34.1,507.0,21.1,15.3,110.0,0.0,Good,1766.6,High Risk
hyderabad,2025-12-13 14:00:00+00:00,14,39.2,38.0,548.0,28.3,17.5,91.0,0.0,Good,1859.8,High Risk
hyderabad,2025-12-13 15:00:00+00:00,15,41.2,39.8,574.0,32.8,19.3,77.0,0.0,Good,1910.0,High Risk
hyderabad,2025-12-13 16:00:00+00:00,16,42.6,41.2,570.0,32.9,20.2,74.0,0.0,Good,1908.1999999999998,High Risk
hyderabad,2025-12-13 17:00:00+00:00,17,44.0,42.6,551.0,30.4,20.6,77.0,0.0,Good,1882.0,High Risk
hyderabad,2025-12-13 18:00:00+00:00,18,44.2,42.7,547.0,27.3,20.8,82.0,0.0,Good,1878.5,High Risk
hyderabad,2025-12-13 19:00:00+00:00,19,43.7,42.1,570.0,23.7,20.6,88.0,0.0,Good,1922.8000000000002,High Risk
hyderabad,2025-12-13 20:00:00+00:00,20,43.7,42.1,607.0,19.4,20.2,96.0,0.0,Good,2002.0,High Risk
hyderabad,2025-12-13 21:00:00+00:00,21,44.4,42.8,657.0,16.0,20.2,102.0,0.0,Good,2112.0,High Risk
hyderabad,2025-12-13 22:00:00+00:00,22,45.2,43.5,719.0,13.5,20.9,107.0,0.0,Good,2249.7,High Risk
hyderabad,2025-12-13 23:00:00+00:00,23,45.9,44.4,793.0,11.9,22.0,111.0,0.0,Good,2414.3,High Risk
hyderabad,2025-12-14 00:00:00+00:00,0,47.4,45.8,872.0,12.5,23.1,112.0,0.0,Good,2593.6,High Risk
hyderabad,2025-12-14 01:00:00+00:00,1,51.6,50.1,993.0,18.1,24.5,108.0,0.0,Unknown,2885.7,High Risk
hyderabad,2025-12-14 02:00:00+00:00,2,61.2,59.8,1119.0,26.0,26.0,101.0,0.4,Moderate,3231.6,High Risk
hyderabad,2025-12-14 03:00:00+00:00,3,53.8,52.7,1133.0,29.1,26.0,102.0,1.65,Moderate,3217.3,High Risk
hyderabad,2025-12-14 04:00:00+00:00,4,36.0,34.7,931.0,22.6,23.4,119.0,3.7,Good,2684.5,High Risk
hyderabad,2025-12-14 05:00:00+00:00,5,32.9,31.5,616.0,11.4,19.4,143.0,5.9,Good,2040.4,High Risk
hyderabad,2025-12-14 06:00:00+00:00,6,29.3,27.9,381.0,3.0,16.3,161.0,7.3,Good,1549.6,High Risk
hyderabad,2025-12-14 07:00:00+00:00,7,28.0,26.6,310.0,0.5,15.0,168.0,7.35,Good,1403.0,High Risk
hyderabad,2025-12-14 08:00:00+00:00,8,27.7,26.1,318.0,0.9,14.5,170.0,6.05,Good,1421.2,High Risk
hyderabad,2025-12-14 09:00:00+00:00,9,27.6,26.0,344.0,2.6,14.3,166.0,3.9,Good,1466.4,High Risk
hyderabad,2025-12-14 10:00:00+00:00,10,27.5,25.7,374.0,5.4,13.9,157.0,1.8,Good,1507.2,High Risk
hyderabad,2025-12-14 11:00:00+00:00,11,27.8,26.0,421.0,9.5,13.7,142.0,0.45,Good,1574.2,High Risk
hyderabad,2025-12-14 12:00:00+00:00,12,32.6,31.2,462.0,14.6,14.3,126.0,0.0,Good,1671.4,High Risk
hyderabad,2025-12-14 13:00:00+00:00,13,39.6,38.1,476.0,21.7,16.2,107.0,0.0,Good,1733.9,High Risk
hyderabad,2025-12-14 14:00:00+00:00,14,43.9,42.5,484.0,29.7,18.8,86.0,0.0,Good,1764.2,High Risk
hyderabad,2025-12-14 15:00:00+00:00,15,47.0,45.6,525.0,34.8,20.9,72.0,0.0,Good,1857.8,High Risk
hyderabad,2025-12-14 16:00:00+00:00,16,49.7,48.3,621.0,34.8,21.9,68.0,0.0,Good,2063.4,High Risk
hyderabad,2025-12-14 17:00:00+00:00,17,51.3,49.9,750.0,31.7,22.4,71.0,0.0,Good,2332.8,High Risk
hyderabad,2025-12-14 18:00:00+00:00,18,51.8,50.3,883.0,28.2,22.7,75.0,0.0,Unknown,2601.5,High Risk
hyderabad,2025-12-14 19:00:00+00:00,19,51.5,49.9,1053.0,24.5,22.8,80.0,0.0,Good,2939.2,High Risk
hyderabad,2025-12-14 20:00:00+00:00,20,51.9,50.3,1227.0,20.4,22.7,87.0,0.0,Unknown,3294.6,High Risk
hyderabad,2025-12-14 21:00:00+00:00,21,52.7,51.0,1278.0,17.1,23.0,93.0,0.0,Moderate,3408.5,High Risk
hyderabad,2025-12-14 22:00:00+00:00,22,53.6,51.8,1069.0,14.8,23.9,98.0,0.0,Moderate,3006.6,High Risk
hyderabad,2025-12-14 23:00:00+00:00,23,54.4,52.6,736.0,13.3,25.2,102.0,0.0,Moderate,2358.2,High Risk
hyderabad,2025-12-15 00:00:00+00:00,0,56.1,54.4,552.5,14.0,26.6,104.0,0.0,Moderate,2019.7,High Risk
hyderabad,2025-12-15 01:00:00+00:00,1,61.0,59.3,555.5,19.5,28.5,101.0,0.0,Moderate,2085.5,High Risk
hyderabad,2025-12-15 02:00:00+00:00,2,71.5,69.6,664.8,27.1,30.6,97.0,0.35,Moderate,2413.8999999999996,High Risk
hyderabad,2025-12-15 03:00:00+00:00,3,59.1,58.0,745.0,30.0,31.0,101.0,1.5,Moderate,2504.3,High Risk
hyderabad,2025-12-15 04:00:00+00:00,4,43.0,41.6,644.0,23.2,28.5,121.0,3.45,Good,2194.8,High Risk
hyderabad,2025-12-15 05:00:00+00:00,5,38.3,36.9,475.0,11.7,24.3,148.0,5.55,Good,1837.4,High Risk
hyderabad,2025-12-15 06:00:00+00:00,6,35.4,33.9,347.0,3.1,20.8,168.0,6.9,Good,1569.3,High Risk
hyderabad,2025-12-15 07:00:00+00:00,7,34.2,32.6,307.0,0.6,18.8,174.0,6.95,Good,1479.2,High Risk
hyderabad,2025-12-15 08:00:00+00:00,8,34.0,32.4,308.0,1.1,17.5,172.0,5.7,Good,1470.4,High Risk
hyderabad,2025-12-15 09:00:00+00:00,9,34.0,32.2,321.0,2.5,16.6,167.0,3.65,Good,1482.4,High Risk
hyderabad,2025-12-15 10:00:00+00:00,10,34.2,32.5,345.0,4.9,16.0,156.0,1.7,Good,1506.7,High Risk
hyderabad,2025-12-15 11:00:00+00:00,11,35.0,33.3,381.0,8.4,15.8,142.0,0.45,Good,1556.3,High Risk
hyderabad,2025-12-15 12:00:00+00:00,12,38.5,37.1,407.0,10.9,15.7,131.0,0.0,Good,1614.4,High Risk
kolkata,2025-12-11 00:00:00+00:00,0,62.42,61.04,492.6,12.18,22.8,82.4,0.0,Moderate,1864.78,High Risk
kolkata,2025-12-11 01:00:00+00:00,1,61.02,59.98,661.2,14.76,22.580000000000002,80.2,0.1,Moderate,2195.32,High Risk
kolkata,2025-12-11 02:00:00+00:00,2,60.220000000000006,59.36,878.0,18.98,22.96,78.4,0.6,Moderate,2636.42,High Risk
kolkata,2025-12-11 03:00:00+00:00,3,55.720000000000006,55.11999999999999,973.2,20.36,22.779999999999998,86.0,1.75,Moderate,2819.7200000000003,High Risk
kolkata,2025-12-11 04:00:00+00:00,4,48.980000000000004,48.279999999999994,827.2,16.14,21.28,112.4,3.2,Good,2529.62,High Risk
kolkata,2025-12-11 05:00:00+00:00,5,41.38,40.32,560.2,9.24,19.14,149.0,4.4,Good,2006.66,High Risk
kolkata,2025-12-11 06:00:00+00:00,6,33.08,31.559999999999995,356.8,4.0200000000000005,17.22,175.0,4.85,Good,1580.6,High Risk
kolkata,2025-12-11 07:00:00+00:00,7,30.98,29.439999999999998,293.0,2.0,15.62,184.0,4.2,Good,1448.62,High Risk
kolkata,2025-12-11 08:00:00+00:00,8,29.76,28.26,292.8,1.6400000000000001,14.280000000000001,182.4,2.85,Good,1427.06,High Risk
kolkata,2025-12-11 09:00:00+00:00,9,28.959999999999997,27.46,319.6,3.12,13.440000000000001,175.6,1.4,Good,1456.42,High Risk
kolkata,2025-12-11 10:00:00+00:00,10,28.580000000000002,27.1,371.2,6.8,13.239999999999998,162.4,0.45,Good,1531.0,High Risk
kolkata,2025-12-11 11:00:00+00:00,11,32.019999999999996,30.78,449.2,12.32,13.540000000000001,143.4,0.05,Good,1682.0,High Risk
kolkata,2025-12-11 12:00:00+00:00,12,39.86,38.6,518.0,18.46,14.7,123.6,0.0,Good,1852.02,High Risk
kolkata,2025-12-11 13:00:00+00:00,13,49.42,48.260000000000005,565.4,25.880000000000003,17.259999999999998,104.4,0.0,Good,2006.1200000000001,High Risk
kolkata,2025-12-11 14:00:00+00:00,14,56.64,55.4,604.4,33.96,20.580000000000002,84.6,0.0,Moderate,2127.6800000000003,High Risk
kolkata,2025-12-11 15:00:00+00:00,15,61.720000000000006,60.46,639.0,39.72,23.36,70.6,0.0,Moderate,2229.58,High Risk
kolkata,2025-12-11 16:00:00+00:00,16,65.9,64.64,680.8,41.9,24.98,64.6,0.0,Moderate,2343.82,High Risk
kolkata,2025-12-11 17:00:00+00:00,17,69.66,68.24,719.2,41.78,26.060000000000002,62.6,0.0,Moderate,2447.7400000000002,High Risk
kolkata,2025-12-11 18:00:00+00:00,18,71.94,70.44,726.0,40.6,26.76,62.8,0.0,Moderate,2477.86,High Risk
kolkata,2025-12-11 19:00:00+00:00,19,72.74,71.26,676.0,38.239999999999995,26.880000000000003,63.2,0.0,Moderate,2376.6,High Risk
kolkata,2025-12-11 20:00:00+00:00,20,73.34,71.7,594.2,34.839999999999996,26.6,63.8,0.0,Moderate,2204.08,High Risk
kolkata,2025-12-11 21:00:00+00:00,21,73.46000000000001,71.82000000000001,533.4,31.78,26.639999999999997,65.6,0.0,Moderate,2076.76,High Risk
kolkata,2025-12-11 22:00:00+00:00,22,73.2,71.5,481.4,29.2,27.3,66.8,0.0,Moderate,1966.3000000000002,High Risk
kolkata,2025-12-11 23:00:00+00:00,23,73.12,71.34,449.6,26.919999999999998,28.32,67.4,0.0,Moderate,1898.42,High Risk
kolkata,2025-12-12 00:00:00+00:00,0,73.74,71.78,525.4,25.96,29.24,69.4,0.0,Moderate,2059.9199999999996,High Risk
kolkata,2025-12-12 01:00:00+00:00,1,78.3,76.26,851.2,28.339999999999996,30.439999999999998,69.2,0.1,Moderate,2761.32,High Risk
kolkata,2025-12-12 02:00:00+00:00,2,84.56,82.72,1283.6,32.04,31.46,69.8,0.65,Moderate,3697.8799999999997,High Risk
kolkata,2025-12-12 03:00:00+00:00,3,72.38,71.14,1489.0,32.02,31.179999999999996,79.4,1.9,Moderate,4041.8399999999997,High Risk
kolkata,2025-12-12 04:00:00+00:00,4,49.059999999999995,47.36,1238.6,24.259999999999998,28.360000000000003,106.4,3.4,Good,3390.8599999999997,High Risk
kolkata,2025-12-12 05:00:00+00:00,5,35.5,33.760000000000005,759.4,12.7,24.1,142.4,4.6,Good,2368.5,High Risk
kolkata,2025-12-12 06:00:00+00:00,6,28.919999999999998,26.9,397.8,4.16,20.46,169.0,4.95,Good,1622.3400000000001,High Risk
kolkata,2025-12-12 07:00:00+00:00,7,28.2,25.939999999999998,300.4,1.16,18.1,180.4,4.3,Good,1433.34,High Risk
kolkata,2025-12-12 08:00:00+00:00,8,27.8,25.46,319.8,1.16,16.3,183.2,2.95,Good,1469.74,High Risk
kolkata,2025-12-12 09:00:00+00:00,9,27.72,25.34,363.8,3.06,15.219999999999999,180.0,1.5,Good,1550.58,High Risk
kolkata,2025-12-12 10:00:00+00:00,10,28.04,25.720000000000006,414.4,6.859999999999999,14.780000000000001,168.4,0.45,Good,1633.28,High Risk
kolkata,2025-12-12 11:00:00+00:00,11,31.380000000000003,29.28,488.8,12.459999999999999,15.080000000000002,151.0,0.05,Good,1781.3,High Risk
kolkata,2025-12-12 12:00:00+00:00,12,39.2,37.32,548.8,18.7,16.16,132.2,0.0,Good,1937.8399999999997,High Risk
kolkata,2025-12-12 13:00:00+00:00,13,48.5,46.6,577.4,26.22,18.6,112.6,0.0,Good,2050.38,High Risk
kolkata,2025-12-12 14:00:00+00:00,14,55.54,53.56,590.6,34.38,21.82,92.6,0.0,Moderate,2118.2200000000003,High Risk
kolkata,2025-12-12 15:00:00+00:00,15,60.67999999999999,58.78000000000001,603.0,40.12,24.48,77.6,0.0,Moderate,2173.14,High Risk
kolkata,2025-12-12 16:00:00+00:00,16,64.88,62.739999999999995,622.2,41.92,25.96,71.2,0.0,Moderate,2237.86,High Risk
kolkata,2025-12-12 17:00:00+00:00,17,68.62,66.32,639.6,41.220000000000006,26.879999999999995,69.8,0.0,Moderate,2298.46,High Risk
kolkata,2025-12-12 18:00:00+00:00,18,70.2,67.82000000000001,640.2,39.48,27.22,70.4,0.0,Moderate,2308.1,High Risk
kolkata,2025-12-12 19:00:00+00:00,19,70.26,67.62,607.2,36.46,26.76,72.0,0.0,Moderate,2232.1600000000003,High Risk
kolkata,2025-12-12 20:00:00+00:00,20,70.58,67.96000000000001,558.2,32.42,25.860000000000003,75.0,0.0,Moderate,2126.0600000000004,High Risk
kolkata,2025-12-12 21:00:00+00:00,21,71.42,68.61999999999999,530.4,28.98,25.28,77.6,0.0,Moderate,2068.0,High Risk
kolkata,2025-12-12 22:00:00+00:00,22,72.67999999999999,69.66,526.2,26.54,25.44,79.2,0.0,Moderate,2064.2599999999998,High Risk
kolkata,2025-12-12 23:00:00+00:00,23,74.24,71.14,544.8,24.779999999999998,26.059999999999995,79.8,0.0,Moderate,2110.7799999999997,High Risk
kolkata,2025-12-13 00:00:00+00:00,0,75.52000000000001,72.26,617.4,24.68,26.76,81.2,0.0,Moderate,2272.02,High Risk
kolkata,2025-12-13 01:00:00+00:00,1,79.56,76.22,826.2,28.620000000000005,28.240000000000002,81.6,0.1,Moderate,2744.42,High Risk
kolkata,2025-12-13 02:00:00+00:00,2,84.64,81.4,1090.0,34.120000000000005,29.880000000000003,83.8,0.7,Moderate,3348.32,High Risk
kolkata,2025-12-13 03:00:00+00:00,3,75.03999999999999,72.67999999999999,1197.8,35.059999999999995,29.839999999999996,92.2,2.0,Moderate,3520.3199999999997,High Risk
kolkata,2025-12-13 04:00:00+00:00,4,49.04,46.519999999999996,997.6,26.619999999999997,26.72,115.8,3.6,Good,2935.68,High Risk
kolkata,2025-12-13 05:00:00+00:00,5,35.36,33.160000000000004,641.6,13.6,21.919999999999998,145.8,4.9,Good,2134.56,High Risk
kolkata,2025-12-13 06:00:00+00:00,6,29.5,27.660000000000004,374.8,3.96,18.08,169.2,5.3,Good,1572.1599999999999,High Risk
kolkata,2025-12-13 07:00:00+00:00,7,28.74,27.04,302.6,0.8400000000000001,16.2,179.8,4.65,Good,1434.18,High Risk
kolkata,2025-12-13 08:00:00+00:00,8,28.660000000000004,26.820000000000004,320.6,1.02,15.2,182.8,3.2,Good,1474.5600000000002,High Risk
kolkata,2025-12-13 09:00:00+00:00,9,28.46,26.660000000000004,359.0,3.06,14.7,180.0,1.6,Good,1547.72,High Risk
kolkata,2025-12-13 10:00:00+00:00,10,28.380000000000003,26.52,404.0,6.88,14.459999999999999,168.6,0.5,Good,1616.8999999999999,High Risk
kolkata,2025-12-13 11:00:00+00:00,11,31.02,29.32,469.4,12.5,14.719999999999999,149.8,0.05,Good,1736.74,High Risk
kolkata,2025-12-13 12:00:00+00:00,12,38.92,37.459999999999994,528.6,18.46,15.62,131.2,0.0,Good,1891.1799999999998,High Risk
kolkata,2025-12-13 13:00:00+00:00,13,47.160000000000004,45.68,573.8,25.3,17.660000000000004,111.2,0.0,Good,2022.92,High Risk
kolkata,2025-12-13 14:00:00+00:00,14,52.120000000000005,50.839999999999996,612.8,32.5,20.36,91.6,0.0,Unknown,2122.3999999999996,High Risk
kolkata,2025-12-13 15:00:00+00:00,15,54.760000000000005,53.220000000000006,638.8,37.12,22.419999999999998,77.0,0.0,Moderate,2177.14,High Risk
kolkata,2025-12-13 16:00:00+00:00,16,56.760000000000005,55.08,642.2,37.64,23.22,72.4,0.0,Moderate,2190.72,High Risk
kolkata,2025-12-13 17:00:00+00:00,17,58.58,56.8,632.4,35.64,23.32,73.4,0.0,Moderate,2180.58,High Risk
kolkata,2025-12-13 18:00:00+00:00,18,58.779999999999994,56.84000000000001,628.6,32.94,23.16,76.4,0.0,Moderate,2171.3399999999997,High Risk
kolkata,2025-12-13 19:00:00+00:00,19,58.34000000000001,56.260000000000005,634.8,29.580000000000002,22.64,80.4,0.0,Moderate,2176.0,High Risk
kolkata,2025-12-13 20:00:00+00:00,20,58.2,56.17999999999999,646.2,25.46,21.880000000000003,86.2,0.0,Moderate,2195.86,High Risk
kolkata,2025-12-13 21:00:00+00:00,21,58.620000000000005,56.54,674.0,22.119999999999997,21.52,90.6,0.0,Moderate,2252.92,High Risk
kolkata,2025-12-13 22:00:00+00:00,22,59.160000000000004,57.06,719.8,19.759999999999998,21.839999999999996,93.6,0.0,Moderate,2349.58,High Risk
kolkata,2025-12-13 23:00:00+00:00,23,59.9,57.92,781.0,18.2,22.54,96.0,0.0,Moderate,2482.26,High Risk
kolkata,2025-12-14 00:00:00+00:00,0,61.660000000000004,59.6,856.2,18.28,23.32,97.6,0.0,Moderate,2654.58,High Risk
kolkata,2025-12-14 01:00:00+00:00,1,66.97999999999999,64.86,988.8,22.220000000000002,24.5,98.0,0.1,Moderate,2983.72,High Risk
kolkata,2025-12-14 02:00:00+00:00,2,74.3,72.34,1135.2,27.860000000000003,25.860000000000003,97.6,0.75,Moderate,3362.6800000000003,High Risk
kolkata,2025-12-14 03:00:00+00:00,3,64.74,63.34000000000001,1164.8,29.340000000000003,25.82,104.0,2.05,Moderate,3373.16,High Risk
kolkata,2025-12-14 04:00:00+00:00,4,46.12,44.620000000000005,967.8,22.48,23.32,123.8,3.75,Good,2851.6600000000003,High Risk
kolkata,2025-12-14 05:00:00+00:00,5,38.62,36.86,653.0,11.559999999999999,19.52,149.6,5.0,Good,2179.2799999999997,High Risk
kolkata,2025-12-14 06:00:00+00:00,6,32.96,31.119999999999997,417.8,3.4200000000000004,16.580000000000002,169.0,5.4,Good,1677.08,High Risk
kolkata,2025-12-14 07:00:00+00:00,7,31.02,29.1,345.8,0.76,15.280000000000001,177.4,4.7,Good,1526.52,High Risk
kolkata,2025-12-14 08:00:00+00:00,8,30.68,28.580000000000002,352.4,0.9400000000000001,14.74,180.2,3.2,Good,1543.06,High Risk
kolkata,2025-12-14 09:00:00+00:00,9,30.639999999999997,28.52,383.0,2.98,14.760000000000002,176.2,1.6,Good,1600.08,High Risk
kolkata,2025-12-14 10:00:00+00:00,10,30.78,28.52,430.4,7.080000000000001,15.0,165.6,0.5,Good,1680.86,High Risk
kolkata,2025-12-14 11:00:00+00:00,11,35.28,33.14,500.8,13.02,15.719999999999999,148.6,0.05,Good,1833.8999999999999,High Risk
kolkata,2025-12-14 12:00:00+00:00,12,44.660000000000004,42.84,557.8,19.6,17.26,130.4,0.0,Good,2002.42,High Risk
kolkata,2025-12-14 13:00:00+00:00,13,55.14,53.260000000000005,575.6,27.48,20.240000000000002,110.0,0.0,Moderate,2103.8,High Risk
kolkata,2025-12-14 14:00:00+00:00,14,62.4,60.64,579.8,35.92,23.96,87.8,0.0,Moderate,2152.92,High Risk
kolkata,2025-12-14 15:00:00+00:00,15,67.3,65.53999999999999,609.6,41.48,26.8,72.4,0.0,Moderate,2239.12,High Risk
kolkata,2025-12-14 16:00:00+00:00,16,71.06,69.17999999999999,685.0,42.12,27.9,66.8,0.0,Moderate,2409.56,High Risk
kolkata,2025-12-14 17:00:00+00:00,17,73.17999999999999,71.02000000000001,786.2,39.7,28.119999999999997,68.2,0.0,Moderate,2622.92,High Risk
kolkata,2025-12-14 18:00:00+00:00,18,73.3,70.97999999999999,890.6,36.760000000000005,28.02,70.4,0.0,Moderate,2826.3199999999997,High Risk
kolkata,2025-12-14 19:00:00+00:00,19,72.58,70.18,1024.0,33.46,27.660000000000004,73.4,0.0,Moderate,3081.3199999999997,High Risk
kolkata,2025-12-14 20:00:00+00:00,20,72.72,70.32000000000001,1160.8,29.619999999999997,26.98,78.4,0.0,Moderate,3352.9599999999996,High Risk
kolkata,2025-12-14 21:00:00+00:00,21,73.64,71.16,1201.4,26.560000000000002,26.72,82.4,0.0,Moderate,3439.84,High Risk
kolkata,2025-12-14 22:00:00+00:00,22,74.91999999999999,72.36,1038.8,24.759999999999998,27.160000000000004,84.6,0.0,Moderate,3125.64,High Risk
kolkata,2025-12-14 23:00:00+00:00,23,75.84,73.38,779.4,23.7,28.04,85.8,0.0,Moderate,2617.58,High Risk
kolkata,2025-12-15 00:00:00+00:00,0,77.2,74.82000000000001,680.5600000000001,23.9,28.96,88.0,0.0,Moderate,2442.26,High Risk
kolkata,2025-12-15 01:00:00+00:00,1,82.32000000000001,79.86,724.9,27.080000000000002,30.3,90.2,0.1,Moderate,2596.18,High Risk
kolkata,2025-12-15 02:00:00+00:00,2,89.52000000000001,86.97999999999999,842.14,31.4,31.76,94.2,0.7,Moderate,2922.98,High Risk
kolkata,2025-12-15 03:00:00+00:00,3,73.26,71.74,910.0,31.78,31.6,104.2,2.0,Moderate,2964.6,High Risk
kolkata,2025-12-15 04:00:00+00:00,4,54.06,52.32000000000001,760.6,24.02,28.580000000000002,126.4,3.65,Moderate,2534.58,High Risk
kolkata,2025-12-15 05:00:00+00:00,5,42.8,40.92,539.0,12.319999999999999,23.919999999999998,154.0,4.95,Good,2017.96,High Risk
kolkata,2025-12-15 06:00:00+00:00,6,36.779999999999994,34.739999999999995,373.4,3.6399999999999997,20.14,174.6,5.35,Good,1649.76,High Risk
kolkata,2025-12-15 07:00:00+00:00,7,35.32000000000001,33.18,320.0,0.86,18.1,182.2,4.65,Good,1534.3,High Risk
kolkata,2025-12-15 08:00:00+00:00,8,35.12,33.0,322.8,1.1800000000000002,16.94,181.6,3.2,Good,1533.24,High Risk
kolkata,2025-12-15 09:00:00+00:00,9,35.06,32.82000000000001,344.6,2.94,16.380000000000003,176.8,1.65,Good,1566.1600000000003,High Risk
kolkata,2025-12-15 10:00:00+00:00,10,35.36,33.239999999999995,385.8,6.7,16.46,163.6,0.5,Good,1627.32,High Risk
kolkata,2025-12-15 11:00:00+00:00,11,38.980000000000004,37.04,445.8,12.040000000000001,17.14,146.0,0.05,Good,1748.46,High Risk
kolkata,2025-12-15 12:00:00+00:00,12,46.58,44.9,489.4,15.9,17.68,132.4,0.0,Good,1874.5600000000002,High Risk
mumbai,2025-12-11 00:00:00+00:00,0,30.459999999999997,29.74,345.8,15.419999999999998,20.8,78.8,0.0,Good,1312.96,High Risk
mumbai,2025-12-11 01:00:00+00:00,1,29.74,29.160000000000004,507.4,18.520000000000003,21.1,73.4,0.0,Good,1628.5,High Risk
mumbai,2025-12-11 02:00:00+00:00,2,31.04,30.6,716.2,22.96,22.06,68.0,0.15,Good,2062.6000000000004,High Risk
mumbai,2025-12-11 03:00:00+00:00,3,29.179999999999996,28.920000000000005,815.0,24.56,22.3,73.6,0.95,Good,2270.38,High Risk
mumbai,2025-12-11 04:00:00+00:00,4,25.36,25.119999999999997,695.6,20.740000000000002,20.860000000000003,100.8,2.65,Good,2061.68,High Risk
mumbai,2025-12-11 05:00:00+00:00,5,23.06,22.740000000000002,467.4,14.24,18.6,139.8,4.7,Good,1668.44,High Risk
mumbai,2025-12-11 06:00:00+00:00,6,21.48,21.16,293.2,9.14,16.76,170.0,6.4,Good,1370.24,High Risk
mumbai,2025-12-11 07:00:00+00:00,7,21.32,21.080000000000002,241.8,6.94,15.84,186.4,6.9,Good,1303.2800000000002,High Risk
mumbai,2025-12-11 08:00:00+00:00,8,22.28,22.04,244.6,6.12,15.38,193.6,6.1,Good,1333.04,High Risk
mumbai,2025-12-11 09:00:00+00:00,9,22.18,21.9,268.4,6.7,14.8,193.0,4.3,Good,1377.84,High Risk
mumbai,2025-12-11 10:00:00+00:00,10,21.66,21.240000000000002,308.4,8.98,13.780000000000001,180.2,2.25,Good,1419.62,High Risk
mumbai,2025-12-11 11:00:00+00:00,11,20.880000000000003,20.42,368.4,12.68,12.66,158.8,0.75,Good,1479.3,High Risk
mumbai,2025-12-11 12:00:00+00:00,12,21.979999999999997,21.580000000000002,422.2,16.68,12.32,137.0,0.1,Good,1545.24,High Risk
mumbai,2025-12-11 13:00:00+00:00,13,25.14,24.68,464.0,21.28,13.139999999999997,117.8,0.0,Good,1617.9,High Risk
mumbai,2025-12-11 14:00:00+00:00,14,27.46,26.9,500.2,26.2,14.66,98.4,0.0,Good,1675.92,High Risk
mumbai,2025-12-11 15:00:00+00:00,15,29.48,28.96,526.0,29.78,16.56,84.6,0.0,Good,1724.3999999999999,High Risk
mumbai,2025-12-11 16:00:00+00:00,16,31.82,31.339999999999996,544.6,31.420000000000005,19.119999999999997,77.8,0.0,Good,1776.92,High Risk
mumbai,2025-12-11 17:00:00+00:00,17,34.6,34.0,553.6,31.7,22.080000000000002,75.0,0.0,Good,1821.1200000000001,High Risk
mumbai,2025-12-11 18:00:00+00:00,18,36.54,35.92,539.8,30.98,24.06,74.0,0.0,Good,1810.98,High Risk
mumbai,2025-12-11 19:00:00+00:00,19,36.6,35.94,484.2,28.8,24.04,73.4,0.0,Good,1689.46,High Risk
mumbai,2025-12-11 20:00:00+00:00,20,36.54,35.72,405.8,25.619999999999997,23.04,73.4,0.0,Good,1514.66,High Risk
mumbai,2025-12-11 21:00:00+00:00,21,36.5,35.67999999999999,353.2,22.94,22.54,74.2,0.0,Good,1398.8199999999997,High Risk
mumbai,2025-12-11 22:00:00+00:00,22,36.2,35.2,315.4,20.779999999999998,23.1,75.2,0.0,Good,1316.52,High Risk
mumbai,2025-12-11 23:00:00+00:00,23,36.0,34.92,302.8,19.08,24.24,75.6,0.0,Good,1288.28,High Risk
mumbai,2025-12-12 00:00:00+00:00,0,36.260000000000005,35.019999999999996,394.4,19.240000000000002,25.54,75.4,0.0,Good,1478.0,High Risk
mumbai,2025-12-12 01:00:00+00:00,1,39.38,38.06,727.0,23.7,27.46,68.8,0.0,Good,2173.48,High Risk
mumbai,2025-12-12 02:00:00+00:00,2,46.86,45.559999999999995,1163.0,30.04,29.46,60.8,0.15,Good,3114.78,High Risk
mumbai,2025-12-12 03:00:00+00:00,3,42.04,41.12,1377.6,32.42,30.3,65.8,0.95,Good,3535.2,High Risk
mumbai,2025-12-12 04:00:00+00:00,4,28.82,27.74,1149.6,26.619999999999997,28.8,94.2,2.65,Good,3028.64,High Risk
mumbai,2025-12-12 05:00:00+00:00,5,25.119999999999997,24.02,698.6,16.759999999999998,25.98,135.6,4.75,Good,2170.42,High Risk
mumbai,2025-12-12 06:00:00+00:00,6,24.32,22.98,358.0,9.48,23.5,169.0,6.4,Good,1542.78,High Risk
mumbai,2025-12-12 07:00:00+00:00,7,25.259999999999998,23.68,270.8,7.380000000000001,21.919999999999998,190.0,6.9,Good,1422.98,High Risk
mumbai,2025-12-12 08:00:00+00:00,8,26.720000000000006,25.060000000000002,293.4,7.840000000000001,20.619999999999997,204.2,6.05,Good,1518.6999999999998,High Risk
mumbai,2025-12-12 09:00:00+00:00,9,29.419999999999998,27.640000000000004,330.8,9.34,19.56,208.6,4.25,Good,1629.46,High Risk
mumbai,2025-12-12 10:00:00+00:00,10,27.339999999999996,25.54,355.8,11.5,18.5,198.2,2.2,Good,1635.9199999999998,High Risk
mumbai,2025-12-12 11:00:00+00:00,11,27.160000000000004,25.4,394.8,14.62,17.68,178.0,0.7,Good,1661.2800000000002,High Risk
mumbai,2025-12-12 12:00:00+00:00,12,29.5,27.939999999999998,435.2,18.240000000000002,17.44,156.2,0.1,Good,1709.9199999999998,High Risk
mumbai,2025-12-12 13:00:00+00:00,13,33.32,31.660000000000004,472.8,22.880000000000003,18.1,133.8,0.0,Good,1769.18,High Risk
mumbai,2025-12-12 14:00:00+00:00,14,36.26,34.5,511.0,28.02,19.32,110.6,0.0,Good,1824.4399999999998,High Risk
mumbai,2025-12-12 15:00:00+00:00,15,38.540000000000006,36.82,551.6,31.68,20.759999999999998,93.0,0.0,Good,1891.68,High Risk
mumbai,2025-12-12 16:00:00+00:00,16,40.6,38.660000000000004,600.4,32.839999999999996,22.339999999999996,85.4,0.0,Good,1992.82,High Risk
mumbai,2025-12-12 17:00:00+00:00,17,43.6,41.54,650.8,32.440000000000005,24.119999999999997,83.6,0.0,Good,2117.14,High Risk
mumbai,2025-12-12 18:00:00+00:00,18,45.94,43.86,681.4,31.259999999999998,25.46,83.4,0.0,Good,2197.0,High Risk
mumbai,2025-12-12 19:00:00+00:00,19,46.72,44.42,678.8,29.04,26.1,83.4,0.0,Good,2190.62,High Risk
mumbai,2025-12-12 20:00:00+00:00,20,47.44,45.1,657.4,26.060000000000002,26.46,84.2,0.0,Good,2145.2999999999997,High Risk
mumbai,2025-12-12 21:00:00+00:00,21,48.18,45.78,638.2,23.5,26.76,85.2,0.0,Good,2106.48,High Risk
mumbai,2025-12-12 22:00:00+00:00,22,49.019999999999996,46.4,611.8,21.259999999999998,27.160000000000004,86.6,0.0,Good,2056.14,High Risk
mumbai,2025-12-12 23:00:00+00:00,23,49.7,47.0,589.2,19.52,27.660000000000004,87.6,0.0,Good,2014.0200000000002,High Risk
mumbai,2025-12-13 00:00:00+00:00,0,50.32000000000001,47.46,621.2,20.080000000000002,28.3,87.4,0.0,Good,2086.38,High Risk
mumbai,2025-12-13 01:00:00+00:00,1,52.92,49.98,790.4,25.98,29.880000000000003,81.6,0.0,Good,2457.7,High Risk
mumbai,2025-12-13 02:00:00+00:00,2,60.1,57.06,1014.8,34.08,31.7,75.6,0.15,Moderate,2985.12,High Risk
mumbai,2025-12-13 03:00:00+00:00,3,56.2,54.04,1102.2,37.279999999999994,32.0,79.8,0.9,Moderate,3159.7200000000003,High Risk
mumbai,2025-12-13 04:00:00+00:00,4,37.08,34.739999999999995,915.2,30.4,29.46,105.8,2.55,Good,2672.1800000000003,High Risk
mumbai,2025-12-13 05:00:00+00:00,5,31.5,29.479999999999997,591.4,18.619999999999997,25.380000000000003,142.4,4.6,Good,2027.8999999999999,High Risk
mumbai,2025-12-13 06:00:00+00:00,6,29.78,28.139999999999997,349.6,9.92,22.18,174.0,6.25,Good,1579.6399999999999,High Risk
mumbai,2025-12-13 07:00:00+00:00,7,30.82,29.3,285.6,7.58,20.92,196.0,6.8,Good,1512.16,High Risk
mumbai,2025-12-13 08:00:00+00:00,8,33.760000000000005,32.12,304.4,8.260000000000002,20.44,212.2,6.0,Good,1622.08,High Risk
mumbai,2025-12-13 09:00:00+00:00,9,33.9,32.36,338.8,10.080000000000002,19.9,218.0,4.2,Good,1715.02,High Risk
mumbai,2025-12-13 10:00:00+00:00,10,32.14,30.52,373.4,12.72,18.7,207.4,2.2,Good,1743.7,High Risk
mumbai,2025-12-13 11:00:00+00:00,11,30.860000000000003,29.24,423.6,16.419999999999998,17.46,184.4,0.7,Good,1774.7,High Risk
mumbai,2025-12-13 12:00:00+00:00,12,33.68,32.28,470.8,20.14,16.880000000000003,161.2,0.1,Good,1835.7199999999998,High Risk
mumbai,2025-12-13 13:00:00+00:00,13,37.160000000000004,35.760000000000005,507.2,24.04,17.44,136.6,0.0,Good,1880.3999999999999,High Risk
mumbai,2025-12-13 14:00:00+00:00,14,38.9,37.6,540.2,27.98,18.7,111.6,0.0,Good,1906.6200000000001,High Risk
mumbai,2025-12-13 15:00:00+00:00,15,39.82000000000001,38.379999999999995,570.4,30.3,20.02,92.4,0.0,Good,1930.64,High Risk
mumbai,2025-12-13 16:00:00+00:00,16,40.78,39.36,593.2,30.24,21.3,85.2,0.0,Good,1967.3000000000002,High Risk
mumbai,2025-12-13 17:00:00+00:00,17,42.38,41.0,613.0,28.659999999999997,22.580000000000002,84.6,0.0,Good,2016.8999999999999,High Risk
mumbai,2025-12-13 18:00:00+00:00,18,43.2,41.8,640.6,26.619999999999997,23.54,86.0,0.0,Good,2078.44,High Risk
mumbai,2025-12-13 19:00:00+00:00,19,43.34,41.88,686.0,24.02,23.84,88.2,0.0,Good,2167.46,High Risk
mumbai,2025-12-13 20:00:00+00:00,20,43.58,42.14,738.2,20.86,23.84,92.4,0.0,Good,2273.84,High Risk
mumbai,2025-12-13 21:00:00+00:00,21,44.2,42.779999999999994,781.6,18.48,24.02,95.4,0.0,Good,2365.8999999999996,High Risk
mumbai,2025-12-13 22:00:00+00:00,22,44.92,43.42,797.2,16.84,24.6,98.0,0.0,Good,2406.02,High Risk
mumbai,2025-12-13 23:00:00+00:00,23,45.48,44.14,803.2,15.979999999999999,25.380000000000003,100.2,0.0,Good,2429.58,High Risk
mumbai,2025-12-14 00:00:00+00:00,0,46.6,45.16,833.2,17.02,26.160000000000004,100.0,0.0,Good,2504.7200000000003,High Risk
mumbai,2025-12-14 01:00:00+00:00,1,49.92,48.56,942.4,22.46,27.22,95.0,0.0,Good,2761.08,High Risk
mumbai,2025-12-14 02:00:00+00:00,2,58.14,56.879999999999995,1075.4,29.880000000000003,28.360000000000003,87.6,0.15,Moderate,3105.38,High Risk
mumbai,2025-12-14 03:00:00+00:00,3,52.8,51.78000000000001,1101.4,33.0,28.32,90.0,0.9,Moderate,3135.38,High Risk
mumbai,2025-12-14 04:00:00+00:00,4,38.72,37.52,915.4,27.520000000000003,26.160000000000004,110.0,2.5,Good,2679.2799999999997,High Risk
mumbai,2025-12-14 05:00:00+00:00,5,36.3,34.980000000000004,621.4,17.82,22.88,138.6,4.45,Good,2105.2,High Risk
mumbai,2025-12-14 06:00:00+00:00,6,33.739999999999995,32.4,401.6,10.6,20.52,163.8,6.05,Good,1682.3000000000002,High Risk
mumbai,2025-12-14 07:00:00+00:00,7,34.260000000000005,32.9,335.0,8.66,20.04,182.8,6.6,Good,1600.48,High Risk
mumbai,2025-12-14 08:00:00+00:00,8,36.5,34.980000000000004,341.6,9.28,20.380000000000003,199.2,5.8,Good,1683.8400000000001,High Risk
mumbai,2025-12-14 09:00:00+00:00,9,37.22,35.7,364.4,10.9,20.619999999999997,205.2,4.05,Good,1760.6399999999999,High Risk
mumbai,2025-12-14 10:00:00+00:00,10,36.2,34.519999999999996,389.8,13.479999999999999,20.04,198.0,2.1,Good,1788.88,High Risk
mumbai,2025-12-14 11:00:00+00:00,11,35.14,33.46,430.6,17.04,19.28,180.8,0.7,Good,1821.6000000000001,High Risk
mumbai,2025-12-14 12:00:00+00:00,12,38.46,37.12,467.6,20.78,19.119999999999997,161.8,0.1,Good,1881.1800000000003,High Risk
mumbai,2025-12-14 13:00:00+00:00,13,43.28,41.78,482.8,24.9,20.04,140.6,0.0,Good,1905.8999999999999,High Risk
mumbai,2025-12-14 14:00:00+00:00,14,45.7,44.22,494.2,29.1,21.5,117.2,0.0,Good,1900.6,High Risk
mumbai,2025-12-14 15:00:00+00:00,15,47.239999999999995,45.739999999999995,535.2,31.5,22.58,100.0,0.0,Good,1957.14,High Risk
mumbai,2025-12-14 16:00:00+00:00,16,48.540000000000006,47.04,626.2,30.859999999999996,22.8,92.2,0.0,Good,2124.46,High Risk
mumbai,2025-12-14 17:00:00+00:00,17,49.12,47.67999999999999,746.8,28.26,22.66,91.0,0.0,Good,2356.04,High Risk
mumbai,2025-12-14 18:00:00+00:00,18,48.92,47.459999999999994,868.6,25.439999999999998,22.54,90.8,0.0,Good,2585.58,High Risk
mumbai,2025-12-14 19:00:00+00:00,19,48.2,46.7,1019.4,22.4,22.5,91.8,0.0,Good,2871.9,High Risk
mumbai,2025-12-14 20:00:00+00:00,20,48.36,46.86,1171.0,19.119999999999997,22.5,94.8,0.0,Good,3172.26,High Risk
mumbai,2025-12-14 21:00:00+00:00,21,49.14,47.58,1211.8,16.580000000000002,23.04,97.2,0.0,Good,3258.9999999999995,High Risk
mumbai,2025-12-14 22:00:00+00:00,22,50.08,48.42,1017.8,14.86,24.36,98.6,0.0,Good,2880.62,High Risk
mumbai,2025-12-14 23:00:00+00:00,23,51.019999999999996,49.4,711.8,13.9,26.22,99.2,0.0,Good,2281.74,High Risk
mumbai,2025-12-15 00:00:00+00:00,0,52.64,51.12,541.5,15.040000000000001,28.120000000000005,98.8,0.0,Moderate,1965.56,High Risk
mumbai,2025-12-15 01:00:00+00:00,1,56.9,55.379999999999995,543.6,20.78,30.4,93.8,0.0,Moderate,2020.92,High Risk
mumbai,2025-12-15 02:00:00+00:00,2,66.17999999999999,64.47999999999999,644.3399999999999,28.54,32.82000000000001,88.4,0.1,Moderate,2320.2599999999993,High Risk
mumbai,2025-12-15 03:00:00+00:00,3,57.3,56.220000000000006,723.4,31.96,33.62,93.0,0.85,Moderate,2441.12,High Risk
mumbai,2025-12-15 04:00:00+00:00,4,45.12,43.8,644.0,26.419999999999998,31.639999999999997,116.2,2.4,Good,2223.2,High Risk
mumbai,2025-12-15 05:00:00+00:00,5,41.559999999999995,40.2,506.2,16.54,28.04,148.6,4.3,Good,1962.1999999999998,High Risk
mumbai,2025-12-15 06:00:00+00:00,6,39.44,38.0,405.2,9.239999999999998,25.02,175.4,5.9,Good,1781.96,High Risk
mumbai,2025-12-15 07:00:00+00:00,7,39.14,37.6,385.6,7.4799999999999995,23.4,191.8,6.4,Good,1775.5400000000002,High Risk
mumbai,2025-12-15 08:00:00+00:00,8,41.3,39.760000000000005,403.0,8.379999999999999,22.380000000000003,202.0,5.65,Good,1857.74,High Risk
mumbai,2025-12-15 09:00:00+00:00,9,42.38,40.7,421.8,9.9,21.42,204.2,3.95,Good,1912.12,High Risk
mumbai,2025-12-15 10:00:00+00:00,10,41.6,39.96,433.0,11.96,20.22,191.4,2.1,Good,1893.5200000000002,High Risk
mumbai,2025-12-15 11:00:00+00:00,11,39.92,38.26,445.6,14.8,19.1,170.6,0.7,Good,1849.66,High Risk
mumbai,2025-12-15 12:00:00+00:00,12,41.32,39.88,454.2,16.82,18.32,154.4,0.1,Good,1835.52,High Risk
